epoch,train_loss,train_dice,val_loss,val_dice,train_fg_dice,val_fg_dice
1,0.5852435445847289,0.4439804268352784,0.582834182750611,0.1389015469823022,,
2,0.4751627565665566,0.4667517072443807,0.4216010821539731,0.4700453251645564,,
3,0.400479098521366,0.5098136745580095,0.3715333498216101,0.6098776977353131,,
4,0.3712036323207647,0.5873901386343252,0.3634566049579353,0.6769441777030893,,
1,0.5858905533898062,0.4444671937177369,0.5491738553558078,0.4761904802506237,,
2,0.4928042962761123,0.4268255176230348,0.4630470394733406,0.5655940356273104,,
3,0.4226677396522902,0.5283411312177835,0.38769316225357,0.663313821995262,,
4,0.3804560177838864,0.5809135556864358,0.3701801297831393,0.6493711352869618,,
5,0.3679177064467897,0.6321044134970156,0.3598780244854944,0.6967555955717606,,
6,0.3569901906571548,0.6413727061590612,0.3539482420753865,0.7099425843251603,,
7,0.3569973775142215,0.6449488123227269,0.3694775402989416,0.7174769264065486,,
8,0.355962853473394,0.6461185222694293,0.3676373628633363,0.7034688390392277,,
9,0.3511414002299,0.6600519708862257,0.3454945441557183,0.6539150790609328,,
10,0.343080071935073,0.6788081429474094,0.3641202640941455,0.7197302863933146,,
11,0.3452306166870297,0.6705353106396186,0.3371380097454503,0.6797593502362705,,
12,0.3425252064483462,0.6645930096916401,0.3566383396142295,0.7229815177325221,,
13,0.3417194084471834,0.6778961626204802,0.3354950688690656,0.7050191529449963,,
14,0.3418493936214731,0.6910746514488378,0.3527996725890608,0.7168502255919433,,
15,0.3397366955220082,0.6683649351624469,0.3624924212428076,0.6059303808090009,,
16,0.3403170290813236,0.672640231573961,0.3335943136452919,0.7277960873075894,,
17,0.3397506443793291,0.670763717026703,0.3429762768071322,0.7138222046196461,,
18,0.3370333186741628,0.6927693254432677,0.3402354339403765,0.6813569187763191,,
19,0.3354466582016315,0.6807953458028445,0.3369143971995938,0.6063913175215324,,
20,0.3329392812875886,0.6995753335134353,0.3362910062340753,0.7358128045286451,,
21,0.3328701317541958,0.6911630664965076,0.3377724298320356,0.7247107508402587,,
22,0.3302096880277512,0.6941348789940669,0.3378155521516289,0.7144664406244244,,
23,0.333700270232759,0.6815916836819674,0.3271860063652552,0.7436507454230672,,
24,0.3270031547492341,0.7202868583983708,0.3328490223114689,0.6513414923135841,,
25,0.3308809359649611,0.6840504157761772,0.3332758890686645,0.667535117516915,,
26,0.3278180101760928,0.7151045346043888,0.329482819086739,0.7419470577012925,,
27,0.3293773414943502,0.6981435556228532,0.3295100274983616,0.6517679862500656,,
28,0.3245876266336348,0.6971997561418747,0.3410519178779352,0.7290696627903908,,
29,0.3257070589868516,0.7054050611862864,0.3304988370676125,0.7527985333331993,,
30,0.3265229883203234,0.7013166517675541,0.3336722444122036,0.6425203336846261,,
31,0.3251106065596632,0.7183802347495148,0.3263382684395072,0.7308821248866263,,
32,0.3258900939260122,0.7037459133868137,0.33421701356946,0.7640829004702114,,
33,0.3221477740516625,0.7272609660566007,0.3484119308801989,0.5513207540343377,,
34,0.3232734274756105,0.7157890930172817,0.3278553380763956,0.6902182763885885,,
35,0.3223949773478384,0.7141560738480094,0.3289116357807957,0.7162016287800812,,
36,0.3208881572390776,0.7202058807594479,0.3232090095545919,0.7077188793392408,,
37,0.3224032551552038,0.7004844423419108,0.3283837413016174,0.6414313105658249,,
38,0.3210345297048129,0.6719124863980931,0.3388679112928609,0.6650382572915442,,
39,0.3207207370375722,0.7113473738876649,0.3253114129017506,0.7653660543617749,,
40,0.3187712754262852,0.7012887919680617,0.3291507265308783,0.7048288608590761,,
1,0.5860327922309618,0.4451148626804567,0.5267302550020672,0.4761904802506237,,
2,0.4843794929703282,0.4429566854720499,0.441374358499334,0.4096517961747232,,
3,0.4038554526132005,0.5016163033672436,0.3775032658041233,0.5212103788850455,,
4,0.3675283666873843,0.5702706018826755,0.378012354130901,0.6724675434510118,,
5,0.3602400218266897,0.5722304711170166,0.3457832993673427,0.6910636801095236,,
6,0.3524441648795814,0.6096623693536684,0.3487402184068092,0.5160578410226477,,
7,0.3511251636003892,0.5795235484326242,0.3482174624334134,0.4161715962133037,,
8,0.3497914307861748,0.5537427716012336,0.4074513752102142,0.6456859599610129,,
9,0.3437385131735258,0.588074674324009,0.3440081324605715,0.3472574676462895,,
10,0.341748935899123,0.5627048497718937,0.3457644586451351,0.6035811264196906,,
11,0.3394733682622254,0.6026074808772813,0.3331919400287526,0.7150859305901187,,
12,0.3396196726111241,0.6025067058442605,0.3367625398650056,0.5728591269857827,,
13,0.3371027468322472,0.6055559121244103,0.3397462595963761,0.5648164579038051,,
14,0.3339569108666842,0.6280843881508903,0.3381869317741975,0.6569155947793097,,
15,0.3360136291929014,0.594291705380887,0.3460397983768156,0.4577099283965914,,
16,0.3363201717503484,0.6144053736035688,0.3323197785676235,0.5772665362381483,,
17,0.3331684658950474,0.6135455675336775,0.3371106220320576,0.7163561412266323,,
18,0.33064560052683,0.6327123872056375,0.3322317439486228,0.6397878306341314,,
19,0.3309476534049437,0.6096860111083399,0.3278708603410494,0.6736559935268902,,
20,0.3287970242645456,0.6266496657437228,0.3343620116689375,0.5652373199119568,,
21,0.3325326197968863,0.60930247522784,0.333930379356302,0.7222973819201192,,
22,0.3274439936938063,0.6319630653109353,0.3330681572357813,0.7647244079659382,,
23,0.3261555035362126,0.6713478328639003,0.3252785609857667,0.7186126826951901,,
24,0.3238173580964921,0.6407594712014396,0.3268927544621484,0.7304072417318821,,
25,0.3250545535641939,0.6393747561422248,0.3322653205222672,0.5861881951488157,,
26,0.326500997352631,0.6549548609906064,0.3244607563440998,0.6683898015568653,,
27,0.3223927872438814,0.6651486885281119,0.3250449936659563,0.7694975525318157,,
28,0.3209944154121406,0.6840223560931059,0.3267411636632113,0.748274564743042,,
29,0.320747831170423,0.6435797784775085,0.3214423425185184,0.7492498720863036,,
30,0.3211918521016219,0.6805777440310516,0.3224965480732776,0.7321828149986302,,
31,0.3190423126472401,0.6825287537046345,0.3178930740271296,0.6303815704193854,,
32,0.3215139959914697,0.6321910605871983,0.3226675922716303,0.6871515224834501,,
33,0.3170490832179012,0.679782873176094,0.3246384352622997,0.7970438055940793,,
34,0.3155756331980228,0.7038552428231855,0.3206687177132283,0.727308834769896,,
35,0.3180015010016107,0.7241957565320867,0.3187469986843921,0.745635142461175,,
36,0.3160172178376215,0.6887321045039704,0.3211874213912302,0.670163779654784,,
37,0.3164980316756611,0.6825820931375314,0.3197241009079984,0.7468724060981047,,
38,0.3146423439982641,0.7267411169378869,0.3232197137106032,0.6856555564750341,,
39,0.3138560841313607,0.7189857086739274,0.3190433065894814,0.620353341377319,,
40,0.3129694506699711,0.720422709661087,0.318695639504031,0.8015142374581637,,
41,0.3119711631648435,0.7496672589621396,0.3222559976081053,0.699008997973232,,
42,0.3143784831919818,0.7143099068503522,0.3161591245748457,0.7186509133094833,,
43,0.3114941652497479,0.7358567730324247,0.3169501793038632,0.7048167491507863,,
44,0.3101715355281539,0.7624164491223746,0.320133709016123,0.5976237749976212,,
45,0.3122094077941204,0.7537247348842948,0.316291282973474,0.7477590936579785,,
46,0.3089629627011446,0.744654508182113,0.315365814337773,0.7403825227479963,,
47,0.3107959977375256,0.7300620759243792,0.3111124009869638,0.7707441740092777,,
48,0.3076613708905914,0.7425448437941051,0.3161179723129386,0.7394428094405503,,
49,0.3101722763108157,0.7619629750934113,0.3151176827072742,0.7367196510590258,,
50,0.3090034164102275,0.7216568962896434,0.3182469505506257,0.7639741753893239,,
51,0.3073848652523107,0.7463610008204539,0.3124544098308043,0.7496476670993226,,
52,0.308503921061677,0.7649989925286312,0.3181920456034796,0.7796977840009189,,
53,0.306601387115649,0.7634039664052311,0.312608954518856,0.7571354799327397,,
54,0.3058970547787883,0.7480634978533255,0.3176287847925864,0.7943629569240979,,
55,0.3082173789412246,0.7219347275233794,0.3079355058836795,0.7820341611901919,,
56,0.3050154913216829,0.7732175596328597,0.3238508035650566,0.8167053745392646,,
57,0.3053971327976396,0.765430433029029,0.3131381188563648,0.7977901619105112,,
58,0.3071892338327175,0.774903775496804,0.3173310069943822,0.7883851739156637,,
59,0.3042273936802859,0.768355896416569,0.3104305598618729,0.8147617429494858,,
60,0.3050330494351955,0.7686081488129388,0.3090548711784538,0.8059388197781074,,
61,0.3044260369777833,0.7640257969575842,0.3128945078434689,0.8164595111849762,,
62,0.3022557093998311,0.7856316911201403,0.3092002887500539,0.7976810837253219,,
63,0.303406598915013,0.7925313705375775,0.3130436293292968,0.8183569455785411,,
64,0.3059420768615495,0.7712187284285231,0.3173492033300655,0.7342162877321243,,
65,0.3017536696201007,0.8128173183360248,0.3110632087724904,0.7679605634794349,,
66,0.3057117249353407,0.792441030665074,0.3144891213714367,0.7324557715938205,,
67,0.3051204343321564,0.7748414245602998,0.3072596870007969,0.8120559026442823,,
68,0.3022461100216048,0.794775640563026,0.3101583040275034,0.774060957843349,,
69,0.3021117561434062,0.7901690942018144,0.3098296282280768,0.7726323324299994,,
70,0.3031699628197621,0.7963588780921358,0.3164197058372554,0.676416664203945,,
71,0.302558056334603,0.7781518090497027,0.3164389692690401,0.7328037479448886,,
72,0.3019205049703313,0.799419647632794,0.3145470014507217,0.70581932614247,,
73,0.3028674479284435,0.8121425211429596,0.3228543977297488,0.7973371810678925,,
74,0.2992118878550635,0.8066954009350717,0.3184131499867709,0.7265084665727864,,
75,0.3007887868799385,0.8142543670581412,0.3179169813880608,0.8036395620474979,,
76,0.3008132380930408,0.7993819909315035,0.3150110387553771,0.8282992762224884,,
77,0.3042395602853804,0.8052724963488357,0.3136563844801414,0.7084314199037509,,
78,0.3012791611061195,0.795990494557613,0.3106371761255321,0.7666378235887914,,
79,0.2998543157980541,0.8019030148771451,0.306152616538817,0.8076625851293405,,
80,0.3005599473540338,0.8090189063796107,0.3092913223386165,0.8045915239268825,,
81,0.3015384108716033,0.8134641219606054,0.3174485627650505,0.5760589773716058,,
82,0.3025923094717023,0.7866740001297985,0.3139986009780495,0.7964546025863716,,
83,0.3010241783807932,0.7966440371358333,0.3058742981049276,0.8199744348724683,,
84,0.2993273526005485,0.7989406569479661,0.3090710867462413,0.8088509812951088,,
85,0.2994256251506083,0.7955467624522243,0.3103180337209432,0.7290599252830267,,
86,0.2992167230116425,0.770912869187954,0.3069039243495181,0.7773565751101289,,
87,0.2990463539050805,0.7986545598259862,0.307766599802389,0.8021691909858158,,
88,0.2990074670280045,0.8098375543643156,0.3123828056711881,0.813577422827837,,
89,0.3004822439943571,0.7946413236192471,0.3104747525593709,0.7788230498277006,,
90,0.2976628422563403,0.8236524609781299,0.3092446387967184,0.8257511760817752,,
91,0.3009177558124065,0.8045468872770126,0.3104729718927826,0.7878964833826536,,
92,0.3002588947935734,0.8122752344361241,0.3119833915538731,0.7974083033124251,,
93,0.30013582654722,0.8002664931311508,0.3148696736122171,0.7917522047999536,,
94,0.3003937597989727,0.7949992927476532,0.3062670536206237,0.7423884230000632,,
95,0.2998687331444087,0.8063536693626735,0.3188765959459401,0.7810457868590241,,
96,0.2989679047056121,0.810499727146922,0.3091065953929154,0.8111241491777557,,
97,0.2973631839871097,0.8106749645709374,0.3077306925940017,0.8048783081273237,,
98,0.3004389745931242,0.8181004636182686,0.3090242755466273,0.8378034541826873,,
99,0.2999023620541077,0.8071839702098481,0.3083874518938717,0.8483551937554564,,
100,0.2975195005748401,0.8226980755366192,0.3075041630793185,0.7957579270005226,,
1,0.5861860682000768,0.4451148623130749,0.6475738336642584,0.1434905801067331,,
2,0.4867613777286648,0.435762221499882,0.4772287433346112,0.5643104669842417,,
3,0.4059731870349207,0.5022968212208183,0.4361913262733391,0.5974158280864363,,
4,0.3755088083330213,0.5722861224558812,0.4250053457383598,0.6244989355284171,,
5,0.3649101625606804,0.5539850996291911,0.3529637170778144,0.6964478497171686,,
6,0.3540554058791133,0.6009901489792627,0.3438069862091825,0.6204274101294255,,
7,0.3500834009730754,0.6359131486319906,0.3426053354161836,0.5796442966730821,,
8,0.3492489737974856,0.607265519399522,0.3472319593919175,0.7125207341852642,,
9,0.3443770583506693,0.6677400772485278,0.343677086799982,0.6433628235189688,,
10,0.3426949802033333,0.6096355535824117,0.3409032208978065,0.7070374879986048,,
11,0.3394335906933317,0.6558989050631483,0.3363256386170785,0.638882625404568,,
12,0.3389980285163061,0.6427541001382722,0.3380168103169472,0.6627652576814095,,
13,0.3353045050904077,0.679923591064048,0.3293216637380066,0.7290954345925933,,
14,0.3362246048033546,0.661494763880887,0.3409745826696356,0.6773450419838939,,
15,0.3349995351073192,0.6595917422845574,0.3434946265160328,0.7081052769152891,,
16,0.3363186189509117,0.645643685974634,0.3453775853184717,0.7234182282395306,,
17,0.3314184349590015,0.6907170444649736,0.3454393688589334,0.7259142659604549,,
18,0.329934150849136,0.6862604126684356,0.3391292018904572,0.655352440086149,,
19,0.331264553659166,0.6819193556982001,0.3364424966719179,0.5911579867381425,,
20,0.32357217392696,0.6904457823368552,0.3305745158965389,0.7231445840249459,,
21,0.322652225802445,0.7130621198361081,0.3265572909177059,0.7390718609981594,,
22,0.3221749564333592,0.7006525785795813,0.3283535451850011,0.733823262155056,,
23,0.3211051458058579,0.7035506829368451,0.3238736036056209,0.7445278756675267,,
24,0.3202543233381343,0.6996342500542523,0.3274979264076267,0.758840933264721,,
25,0.3198215129442628,0.7292921888241496,0.3293563433745432,0.6953529558100161,,
26,0.3205112489278143,0.7107738936271693,0.3256489152000064,0.7550038600429183,,
27,0.3179305670252118,0.7038149986812248,0.3243722172587046,0.7322712409354392,,
28,0.3180759351970773,0.6786130328498728,0.3230134856310628,0.7286119182549772,,
29,0.3174389018411772,0.7117595307002256,0.3274772634419302,0.7493901721955765,,
30,0.3164690428466531,0.712148769570447,0.3222549258775654,0.735557145350391,,
31,0.3153859458361883,0.7039106385155045,0.3192672440560445,0.7237597256011906,,
32,0.3173826870175532,0.731897154311442,0.3295477716740043,0.78525909181159,,
33,0.316165511066895,0.7390802929742462,0.3199058778672701,0.7432748082847822,,
34,0.3137189097258556,0.7189790895643012,0.3216215512005701,0.775250190248092,,
35,0.314109936800491,0.7286927316898597,0.3161686718729989,0.7445690309007963,,
36,0.3136106853040389,0.7306461143746381,0.3161302815368842,0.7155510528633992,,
37,0.3118032344805144,0.745010176472608,0.3246206403266461,0.6551950846443928,,
38,0.3139153102055732,0.7108830370665215,0.319612590862172,0.7041864854594072,,
39,0.3111154339396891,0.7442969435082816,0.3165128892952842,0.7469162733427116,,
40,0.3096299060847166,0.735350232614793,0.3140551269586597,0.799542604369067,,
41,0.3107547627597893,0.744684136535374,0.3189033140605759,0.745940819027878,,
42,0.3098581743672722,0.754530602418293,0.3178900520849441,0.7651122937954608,,
43,0.3093441476939256,0.7493831394672422,0.3148785836639858,0.7583129052072763,,
44,0.310736542789584,0.7592248998466551,0.313008180575534,0.7474981356589567,,
45,0.3092527486229499,0.7395249284234457,0.3171781964511388,0.7594421836351015,,
46,0.3084867823328533,0.7195801076821867,0.3187648242871676,0.7387502266182786,,
47,0.3076466749581494,0.7570270262079536,0.3114489768188269,0.7782924982408682,,
48,0.3059575073131471,0.7665079290076241,0.3155272380404529,0.716822820759955,,
49,0.3075903222312272,0.7405644989393921,0.3131412765277283,0.7447215528005645,,
1,0.5855403022908177,0.444750801456684,0.5213881411722728,0.4289286747595578,,
2,0.478212614133568,0.4449443747149235,0.432147701758714,0.5984266086348465,,
3,0.4010396793561896,0.5241550697198858,0.4657819496379012,0.1370240189857121,,
4,0.3693069142188124,0.5700627284426372,0.4001616050622293,0.6577059249351458,,
5,0.3604345989698264,0.5760321742261224,0.3488286981980006,0.4876478535270606,,
6,0.3525060734909433,0.6007626736381249,0.3377947513723657,0.6760127783886024,,
7,0.3474971246302437,0.6017316195296476,0.344607110756139,0.32344461522887,,
8,0.3485431963568215,0.5569087032169858,0.381479815979089,0.680080333281131,,
9,0.343186807543657,0.6148610932117303,0.3429401092940852,0.3741575997255583,,
10,0.3406108638242736,0.5950264157570596,0.3501541167497635,0.7161509904254874,,
11,0.3426409154319701,0.6098683773105116,0.3359427919522637,0.6730074013272921,,
12,0.3373428004277494,0.6006718805122945,0.333396429129477,0.628879674183281,,
13,0.3362202752728999,0.6132245274633208,0.3402192972689157,0.668467832782484,,
14,0.3350257990119371,0.6546504815379707,0.3494390543727648,0.6518057407367797,,
15,0.3376912232970944,0.6305361508604266,0.3440063138536754,0.4522937456173015,,
16,0.3337305862977714,0.6055503419937974,0.3300800744798921,0.6224501095224602,,
17,0.3246437463947991,0.6262642149697436,0.3304317823300759,0.6294485380199756,,
18,0.3248227387473682,0.6499458166506885,0.3309302541116873,0.6632260004324573,,
19,0.3234895869143732,0.6625424377581616,0.3307800481894186,0.5225500455335824,,
1,0.586200534525313,0.4496230876823575,0.5484828473556609,0.4761904802506237,,
2,0.4882888407132786,0.4149819545971761,0.5506864307182175,0.0942067395577755,,
3,0.425678298108936,0.4983156933345532,0.4281928104658921,0.6019068154483802,,
4,0.380031300293658,0.5859392220300812,0.3768021312231819,0.6673698653245256,,
5,0.3797416845481322,0.5977400583577,0.3657405920814545,0.4219282844002543,,
6,0.3580653135872257,0.6182817049955391,0.3463150579925804,0.6604478188923427,,
7,0.3533810785937803,0.6371602421788409,0.353813825618653,0.630083209097856,,
8,0.3495175576735037,0.616948212573945,0.3761251000243993,0.6516023658748183,,
9,0.3475454542882393,0.6607798719635033,0.3405413684834327,0.6815088519807271,,
10,0.3421272742200083,0.6193302764407711,0.3566911754065326,0.6021438417702978,,
11,0.3420920078425518,0.6572151646558485,0.3408064331327166,0.6903428341306391,,
12,0.337723328196323,0.6521610660073389,0.3437092667667284,0.5446284530518793,,
13,0.3348758814016772,0.6652330452070692,0.3378979724255346,0.6078865269375393,,
14,0.3319385000190895,0.6836428857297477,0.3573758577750552,0.6441228482156812,,
15,0.3343113622304843,0.6647962599592787,0.3352216973102518,0.691923673309031,,
16,0.333802761104672,0.6530860141981296,0.3404152433254889,0.54880453404859,,
17,0.3310197487164655,0.6602207859254254,0.3429242137908226,0.615471703293124,,
18,0.33095919150724,0.6541736897061835,0.3322841266524933,0.6543091899227529,,
19,0.327322447460164,0.646989835918413,0.3325379380867594,0.6661799935890096,,
20,0.3285185923230462,0.6609022084411253,0.3333921487930985,0.7017783084440798,,
1,0.586200534525313,0.4496230876823575,0.5484828473556609,0.4761904802506237,,
2,0.4882888407132786,0.4149819545971761,0.5506864307182175,0.0942067395577755,,
3,0.425678298108936,0.4983156933345532,0.4281928104658921,0.6019068154483802,,
4,0.380031300293658,0.5859392220300812,0.3768021312231819,0.6673698653245256,,
5,0.3797416845481322,0.5977400583577,0.3657405920814545,0.4219282844002543,,
6,0.3580653135872257,0.6182817049955391,0.3463150579925804,0.6604478188923427,,
7,0.3533810785937803,0.6371602421788409,0.353813825618653,0.630083209097856,,
8,0.3495175576735037,0.616948212573945,0.3761251000243993,0.6516023658748183,,
9,0.3475454542882393,0.6607798719635033,0.3405413684834327,0.6815088519807271,,
10,0.3421272742200083,0.6193302764407711,0.3566911754065326,0.6021438417702978,,
11,0.3420920078425518,0.6572151646558485,0.3408064331327166,0.6903428341306391,,
12,0.337723328196323,0.6521610660073389,0.3437092667667284,0.5446284530518793,,
13,0.3348758814016772,0.6652330452070692,0.3378979724255346,0.6078865269375393,,
14,0.3319385000190895,0.6836428857297477,0.3573758577750552,0.6441228482156812,,
15,0.3343113622304843,0.6647962599592787,0.3352216973102518,0.691923673309031,,
16,0.333802761104672,0.6530860141981296,0.3404152433254889,0.54880453404859,,
17,0.3310197487164655,0.6602207859254254,0.3429242137908226,0.615471703293124,,
18,0.33095919150724,0.6541736897061835,0.3322841266524933,0.6543091899227529,,
19,0.327322447460164,0.646989835918413,0.3325379380867594,0.6661799935890096,,
20,0.3285185923230462,0.6609022084411253,0.3333921487930985,0.7017783084440798,,
21,0.3268431041370401,0.6537902467585307,0.3335219516108433,0.7042792029678822,,
22,0.3266016320552233,0.6747854735417758,0.3357702618730919,0.704595662830841,,
23,0.3232738348158375,0.6847884718695453,0.3339006278353433,0.6991133138182617,,
24,0.323709556340708,0.6750656740421458,0.3356118324390125,0.52860839938728,,
25,0.3206692648269815,0.709060397288651,0.3401009996776424,0.7081948316966494,,
26,0.3238642694032871,0.6471624212281737,0.3335603029422817,0.5966887825019987,,
27,0.3218397970644303,0.681472090217331,0.3318149793360914,0.6794175750038824,,
28,0.3212811611496259,0.6549928587463428,0.3358554654045119,0.7264198373470988,,
29,0.319225581768186,0.6727785646452187,0.3294600512211521,0.7254218260447184,,
30,0.3172105230738462,0.6841310661805511,0.3282865975717349,0.7272338790907746,,
31,0.3141157483884708,0.6823061427270124,0.3270922245768209,0.7065978750054326,,
32,0.3156032738676343,0.6957167378149864,0.3332311778018872,0.7186113427437487,,
33,0.316198638124015,0.7085479897075366,0.3262002967475426,0.7459891350673777,,
34,0.3128420453557233,0.6899126908243775,0.3331942796441061,0.6656188555948791,,
35,0.3140114514166827,0.7061764481907282,0.3296688714153355,0.6710983016306445,,
36,0.313456536642242,0.6995103605136895,0.3274395781391788,0.6912886856127111,,
37,0.3107870589613605,0.72199050344797,0.3325158293536376,0.5471322983092447,,
38,0.3148300734401675,0.6790904755303484,0.347820483724631,0.5470480479127809,,
39,0.3103729732759258,0.7143071350235388,0.3263015933113083,0.6747428581473374,,
40,0.3046939264345972,0.6996394603572472,0.3251142227534382,0.6893698266219526,,
41,0.3029589056679159,0.7403897843830326,0.3238655594621031,0.6429861657018919,,
42,0.3024398675429697,0.7134536875873881,0.3246460267608719,0.7104913842465196,,
1,0.586200534525313,0.4496230876823575,0.5484828473556609,0.4761904802506237,,
2,0.4882888407132786,0.4149819545971761,0.5506864307182175,0.0942067395577755,,
3,0.425678298108936,0.4983156933345532,0.4281928104658921,0.6019068154483802,,
4,0.380031300293658,0.5859392220300812,0.3768021312231819,0.6673698653245256,,
5,0.3797416845481322,0.5977400583577,0.3657405920814545,0.4219282844002543,,
6,0.3580653135872257,0.6182817049955391,0.3463150579925804,0.6604478188923427,,
7,0.3533810785937803,0.6371602421788409,0.353813825618653,0.630083209097856,,
8,0.3495175576735037,0.616948212573945,0.3761251000243993,0.6516023658748183,,
9,0.3475454542882393,0.6607798719635033,0.3405413684834327,0.6815088519807271,,
10,0.3421272742200083,0.6193302764407711,0.3566911754065326,0.6021438417702978,,
11,0.3420920078425518,0.6572151646558485,0.3408064331327166,0.6903428341306391,,
12,0.337723328196323,0.6521610660073389,0.3437092667667284,0.5446284530518793,,
13,0.3348758814016772,0.6652330452070692,0.3378979724255346,0.6078865269375393,,
14,0.3319385000190895,0.6836428857297477,0.3573758577750552,0.6441228482156812,,
15,0.3343113622304843,0.6647962599592787,0.3352216973102518,0.691923673309031,,
16,0.333802761104672,0.6530860141981296,0.3404152433254889,0.54880453404859,,
17,0.3310197487164655,0.6602207859254254,0.3429242137908226,0.615471703293124,,
18,0.33095919150724,0.6541736897061835,0.3322841266524933,0.6543091899227529,,
19,0.327322447460164,0.646989835918413,0.3325379380867594,0.6661799935890096,,
20,0.3285185923230462,0.6609022084411253,0.3333921487930985,0.7017783084440798,,
21,0.3268431041370401,0.6537902467585307,0.3335219516108433,0.7042792029678822,,
22,0.3266016320552233,0.6747854735417758,0.3357702618730919,0.704595662830841,,
23,0.3232738348158375,0.6847884718695453,0.3339006278353433,0.6991133138182617,,
24,0.323709556340708,0.6750656740421458,0.3356118324390125,0.52860839938728,,
25,0.3206692648269815,0.709060397288651,0.3401009996776424,0.7081948316966494,,
26,0.3238642694032871,0.6471624212281737,0.3335603029422817,0.5966887825019987,,
27,0.3218397970644303,0.681472090217331,0.3318149793360914,0.6794175750038824,,
28,0.3212811611496259,0.6549928587463428,0.3358554654045119,0.7264198373470988,,
29,0.319225581768186,0.6727785646452187,0.3294600512211521,0.7254218260447184,,
30,0.3172105230738462,0.6841310661805511,0.3282865975717349,0.7272338790907746,,
31,0.3141157483884708,0.6823061427270124,0.3270922245768209,0.7065978750054326,,
32,0.3156032738676343,0.6957167378149864,0.3332311778018872,0.7186113427437487,,
33,0.316198638124015,0.7085479897075366,0.3262002967475426,0.7459891350673777,,
34,0.3128420453557233,0.6899126908243775,0.3331942796441061,0.6656188555948791,,
35,0.3140114514166827,0.7061764481907282,0.3296688714153355,0.6710983016306445,,
36,0.313456536642242,0.6995103605136895,0.3274395781391788,0.6912886856127111,,
37,0.3107870589613605,0.72199050344797,0.3325158293536376,0.5471322983092447,,
38,0.3148300734401675,0.6790904755303484,0.347820483724631,0.5470480479127809,,
39,0.3103729732759258,0.7143071350235388,0.3263015933113083,0.6747428581473374,,
40,0.3046939264345972,0.6996394603572472,0.3251142227534382,0.6893698266219526,,
41,0.3029589056679159,0.7403897843830326,0.3238655594621031,0.6429861657018919,,
42,0.3024398675429697,0.7134536875873881,0.3246460267608719,0.7104913842465196,,
43,0.301852102106717,0.7332133690274502,0.3416365667778466,0.6274035582412741,,
44,0.3013954136539926,0.749329045723757,0.3208940094115123,0.6878890997106192,,
45,0.2986965077625192,0.7679999037573375,0.3244619969101179,0.7351157347716036,,
46,0.2951373742323928,0.7707492713834863,0.3195485149155415,0.767343034701688,,
47,0.2950571681918103,0.7605604620872384,0.3212434309091241,0.7342589219056425,,
48,0.2940094105880032,0.766178414108449,0.3213726600543374,0.7221408961524606,,
49,0.2931109402097105,0.7596257478963835,0.3186676002196258,0.7451713911834217,,
50,0.2929573961644592,0.7611533820320288,0.3204323134074608,0.7536981687659309,,
51,0.2928311989830874,0.7414796819881454,0.3205697537798966,0.7260897685776351,,
52,0.2933602494433754,0.7753115633351193,0.3190354664721304,0.7092611509419623,,
53,0.2912824428664433,0.7745512211108287,0.3192317789376137,0.711211606301627,,
54,0.2904671753800131,0.7689207470097226,0.3194065167169486,0.7256180113624959,,
55,0.2900060458359709,0.7918436929506342,0.317838261702231,0.7408733128436974,,
56,0.2898634444690584,0.7742946471170752,0.320290876197673,0.664613048420371,,
57,0.2888883953827187,0.7823796665419013,0.3191957405014407,0.7532162157197794,,
58,0.2892568670213222,0.7506577476009804,0.3189609535260215,0.7560975331635702,,
59,0.2882149662687371,0.7919234221703512,0.3195093125548391,0.7434259287658191,,
60,0.2875801034348925,0.7835230696924824,0.3198683012631677,0.7224307746759483,,
61,0.2876512238977795,0.7537231112931676,0.32062860682518,0.6668211378077477,,
62,0.2866996788839602,0.7903777373269432,0.3189308950677514,0.7438951085011164,,
63,0.286983623135584,0.7626781828045227,0.319318105865802,0.7320967866551309,,
64,0.28682469822698,0.7648791870382166,0.319676354948786,0.7252331872781118,,
65,0.2867142063290498,0.7800046826925802,0.3186894476502424,0.7449116836346331,,
66,0.2865682958668686,0.7797977569575755,0.3195789650171285,0.7370555102825165,,
67,0.2861188668564657,0.7815969192997162,0.3196751495291079,0.7436861072977384,,
68,0.2858367741802813,0.7758182000085885,0.3189354478381574,0.7442367779357093,,
69,0.2858997439106666,0.7709455150905662,0.3188997888272362,0.7416889818296546,,
70,0.2860809950051839,0.7773335031526774,0.3200960904138074,0.7461546205338978,,
1,0.586200534525313,0.4496230876823575,0.5484828473556609,0.4761904802506237,,
2,0.4882888407132786,0.4149819545971761,0.5506864307182175,0.0942067395577755,,
3,0.425678298108936,0.4983156933345532,0.4281928104658921,0.6019068154483802,,
4,0.380031300293658,0.5859392220300812,0.3768021312231819,0.6673698653245256,,
5,0.3797416845481322,0.5977400583577,0.3657405920814545,0.4219282844002543,,
6,0.3580653135872257,0.6182817049955391,0.3463150579925804,0.6604478188923427,,
7,0.3533810785937803,0.6371602421788409,0.353813825618653,0.630083209097856,,
8,0.3495175576735037,0.616948212573945,0.3761251000243993,0.6516023658748183,,
9,0.3475454542882393,0.6607798719635033,0.3405413684834327,0.6815088519807271,,
10,0.3421272742200083,0.6193302764407711,0.3566911754065326,0.6021438417702978,,
11,0.3420920078425518,0.6572151646558485,0.3408064331327166,0.6903428341306391,,
12,0.337723328196323,0.6521610660073389,0.3437092667667284,0.5446284530518793,,
13,0.3348758814016772,0.6652330452070692,0.3378979724255346,0.6078865269375393,,
14,0.3319385000190895,0.6836428857297477,0.3573758577750552,0.6441228482156812,,
15,0.3343113622304843,0.6647962599592787,0.3352216973102518,0.691923673309031,,
16,0.333802761104672,0.6530860141981296,0.3404152433254889,0.54880453404859,,
17,0.3310197487164655,0.6602207859254254,0.3429242137908226,0.615471703293124,,
18,0.33095919150724,0.6541736897061835,0.3322841266524933,0.6543091899227529,,
19,0.327322447460164,0.646989835918413,0.3325379380867594,0.6661799935890096,,
20,0.3285185923230462,0.6609022084411253,0.3333921487930985,0.7017783084440798,,
21,0.3268431041370401,0.6537902467585307,0.3335219516108433,0.7042792029678822,,
22,0.3266016320552233,0.6747854735417758,0.3357702618730919,0.704595662830841,,
23,0.3232738348158375,0.6847884718695453,0.3339006278353433,0.6991133138182617,,
24,0.323709556340708,0.6750656740421458,0.3356118324390125,0.52860839938728,,
25,0.3206692648269815,0.709060397288651,0.3401009996776424,0.7081948316966494,,
26,0.3238642694032871,0.6471624212281737,0.3335603029422817,0.5966887825019987,,
27,0.3218397970644303,0.681472090217331,0.3318149793360914,0.6794175750038824,,
28,0.3212811611496259,0.6549928587463428,0.3358554654045119,0.7264198373470988,,
29,0.319225581768186,0.6727785646452187,0.3294600512211521,0.7254218260447184,,
30,0.3172105230738462,0.6841310661805511,0.3282865975717349,0.7272338790907746,,
31,0.3141157483884708,0.6823061427270124,0.3270922245768209,0.7065978750054326,,
32,0.3156032738676343,0.6957167378149864,0.3332311778018872,0.7186113427437487,,
33,0.316198638124015,0.7085479897075366,0.3262002967475426,0.7459891350673777,,
34,0.3128420453557233,0.6899126908243775,0.3331942796441061,0.6656188555948791,,
35,0.3140114514166827,0.7061764481907282,0.3296688714153355,0.6710983016306445,,
36,0.313456536642242,0.6995103605136895,0.3274395781391788,0.6912886856127111,,
37,0.3107870589613605,0.72199050344797,0.3325158293536376,0.5471322983092447,,
38,0.3148300734401675,0.6790904755303484,0.347820483724631,0.5470480479127809,,
39,0.3103729732759258,0.7143071350235388,0.3263015933113083,0.6747428581473374,,
40,0.3046939264345972,0.6996394603572472,0.3251142227534382,0.6893698266219526,,
41,0.3029589056679159,0.7403897843830326,0.3238655594621031,0.6429861657018919,,
42,0.3024398675429697,0.7134536875873881,0.3246460267608719,0.7104913842465196,,
43,0.301852102106717,0.7332133690274502,0.3416365667778466,0.6274035582412741,,
44,0.3013954136539926,0.749329045723757,0.3208940094115123,0.6878890997106192,,
45,0.2986965077625192,0.7679999037573375,0.3244619969101179,0.7351157347716036,,
46,0.2951373742323928,0.7707492713834863,0.3195485149155415,0.767343034701688,,
47,0.2950571681918103,0.7605604620872384,0.3212434309091241,0.7342589219056425,,
48,0.2940094105880032,0.766178414108449,0.3213726600543374,0.7221408961524606,,
49,0.2931109402097105,0.7596257478963835,0.3186676002196258,0.7451713911834217,,
50,0.2929573961644592,0.7611533820320288,0.3204323134074608,0.7536981687659309,,
51,0.2928311989830874,0.7414796819881454,0.3205697537798966,0.7260897685776351,,
52,0.2933602494433754,0.7753115633351193,0.3190354664721304,0.7092611509419623,,
53,0.2912824428664433,0.7745512211108287,0.3192317789376137,0.711211606301627,,
54,0.2904671753800131,0.7689207470097226,0.3194065167169486,0.7256180113624959,,
55,0.2900060458359709,0.7918436929506342,0.317838261702231,0.7408733128436974,,
56,0.2898634444690584,0.7742946471170752,0.320290876197673,0.664613048420371,,
57,0.2888883953827187,0.7823796665419013,0.3191957405014407,0.7532162157197794,,
58,0.2892568670213222,0.7506577476009804,0.3189609535260215,0.7560975331635702,,
59,0.2882149662687371,0.7919234221703512,0.3195093125548391,0.7434259287658191,,
60,0.2875801034348925,0.7835230696924824,0.3198683012631677,0.7224307746759483,,
61,0.2876512238977795,0.7537231112931676,0.32062860682518,0.6668211378077477,,
62,0.2866996788839602,0.7903777373269432,0.3189308950677514,0.7438951085011164,,
63,0.286983623135584,0.7626781828045227,0.319318105865802,0.7320967866551309,,
64,0.28682469822698,0.7648791870382166,0.319676354948786,0.7252331872781118,,
65,0.2867142063290498,0.7800046826925802,0.3186894476502424,0.7449116836346331,,
66,0.2865682958668686,0.7797977569575755,0.3195789650171285,0.7370555102825165,,
67,0.2861188668564657,0.7815969192997162,0.3196751495291079,0.7436861072977384,,
68,0.2858367741802813,0.7758182000085885,0.3189354478381574,0.7442367779357093,,
69,0.2858997439106666,0.7709455150905662,0.3188997888272362,0.7416889818296546,,
70,0.2860809950051839,0.7773335031526774,0.3200960904138074,0.7461546205338978,,
1,0.7472814503729035,0.4315920383023194,0.7043345701836404,0.2127944652929694,,
2,0.6337077156712971,0.4518160079113994,0.5273379020038105,0.5881827090467725,,
3,0.536926566859601,0.5759791103500835,0.4997913934113014,0.618697042089133,,
4,0.5096367408034097,0.5702287391828118,0.5161606055640039,0.7040441306927351,,
5,0.4937351286951742,0.5834678510648206,0.5392128188340437,0.7046134435028458,,
6,0.4819786030934264,0.6450420873423006,0.4795761540354717,0.6351390518248081,,
7,0.4846781661318991,0.5881518565788371,0.4839583729349431,0.524791924881949,,
8,0.4793021985826715,0.6137610407259628,0.4830161474999927,0.6965231671929359,,
9,0.4755705207045831,0.6176405258217247,0.4719108480161854,0.7538614342255252,,
10,0.4709202352660308,0.6410711699699313,0.4693252420762465,0.7279974330394041,,
11,0.4716294758562288,0.6037834166625508,0.4639736379141964,0.7177679298356885,,
12,0.4697066457855269,0.6290793299211804,0.484405418724886,0.7040371761790344,,
13,0.4652895407239699,0.6667457902369721,0.4638009968967664,0.7151392306245509,,
14,0.465666090944116,0.6548438531874423,0.4755714898929,0.6597898616677239,,
15,0.4641588368100823,0.6088528676519634,0.4848075374694807,0.6884779427200556,,
16,0.4580998711789827,0.5906689301389622,0.4672510026998463,0.6739925100867238,,
17,0.4519170545273185,0.6616399500427025,0.4618625035509467,0.7235932460143453,,
18,0.4503974320048495,0.6741564167628482,0.4665897857575189,0.6550069023810682,,
19,0.447474163392356,0.6647015492943296,0.4594074689250971,0.6935597725567364,,
20,0.4450489552836344,0.695370534833346,0.4590826824839626,0.7005678315957388,,
21,0.448744721845796,0.6521136441226755,0.4712577032014018,0.6917318967281885,,
22,0.4402754054515782,0.6893653645938987,0.4542284794151783,0.7217812791821503,,
23,0.4360604582093849,0.6802616506426813,0.4576659436293301,0.6518339644230547,,
24,0.4355856873905721,0.6889608053809003,0.4539567968763766,0.7171382300910496,,
25,0.4338635421343572,0.705587159286647,0.4569526975087467,0.7089287675030175,,
26,0.43155394374861,0.7180876829882515,0.4542289611306928,0.69211723868336,,
27,0.4302002681814945,0.7178133542412998,0.4528662671024601,0.7090475722437813,,
28,0.4284188175680106,0.7134157329136851,0.4555355854155052,0.7348178682760114,,
29,0.4266163813712683,0.7073188908977212,0.454532427269788,0.6977945713415032,,
30,0.4257985728315121,0.7272082366243114,0.4541979033411258,0.7097921858852109,,
31,0.4243661784832341,0.723875107195402,0.4529237685769441,0.6821233770322233,,
32,0.4251855667004931,0.7217146858362662,0.4538202276896863,0.7103000677057675,,
33,0.4239085683975503,0.7285145077905029,0.4546477092829133,0.7122424964770853,,
1,0.585674955900469,0.4431981249747938,0.5429303844769796,0.4761904802506237,,
2,0.485242804946677,0.4472520619322476,0.4551212278505166,0.4413135903560208,,
3,0.4081604115549146,0.5429490230523412,0.3909845601855999,0.569964720911923,,
4,0.3720185273939773,0.6162047844070705,0.3709301238524772,0.58861549180888,,
5,0.3564453612762103,0.6356424376021086,0.3760084453526707,0.6538477507162437,,
6,0.3449162347676531,0.6452255477945421,0.3418522627048549,0.6656867659517697,,
7,0.3419452983249036,0.6490787625882215,0.3500166935846209,0.729378881376414,,
8,0.3396729842368803,0.6668638377684851,0.3599550532886669,0.6885839240359408,,
9,0.3345767563604629,0.6760466821260094,0.3369970562690425,0.6717122216664609,,
10,0.3312699271684483,0.6788562518867804,0.3557075720635198,0.6862265375398454,,
11,0.3308017123104531,0.6706486665306819,0.3318127122973757,0.7213173625724656,,
12,0.3331721546466177,0.6636890301514137,0.3464595753078659,0.676517769162144,,
13,0.329134330829036,0.6822245375393494,0.3343618747423447,0.728027727987085,,
14,0.3210944111212856,0.7330678192856642,0.351367612591102,0.7443397396377155,,
15,0.3223651980045082,0.689682416347642,0.3456340454784887,0.7017832045399007,,
16,0.318765556999516,0.70414636342019,0.3426696460782772,0.7005795702072126,,
17,0.3157517710227732,0.7208882002015188,0.3357974368457992,0.7473406431575617,,
18,0.3157626446046978,0.7430695902040896,0.3385265142479468,0.6928048540084135,,
19,0.3138006930118861,0.7195847176131189,0.3370689322639789,0.7275558838709479,,
20,0.313818010487087,0.7258948169146795,0.3356842601760512,0.7277805226899329,,
21,0.3123633609553847,0.7246592833124912,0.3291489137114868,0.7084737038683324,,
22,0.3118668318258048,0.7321162423398828,0.3348749804842685,0.6403984001704625,,
23,0.3094823328208738,0.7445466122324602,0.3270150555874265,0.747480871599345,,
24,0.3087966824384705,0.7414625151941814,0.3286117721304652,0.7257559075951576,,
25,0.307548774531777,0.7573759212088301,0.3326367774224352,0.7194365691393614,,
26,0.3058839573143677,0.7594331067074765,0.3302793778656494,0.6563068831175978,,
27,0.3056785974632273,0.7777187776766292,0.3283869700639376,0.7415892920269339,,
28,0.305554351600495,0.7556962610053002,0.3267603281530596,0.7751364389523154,,
29,0.3046570322114414,0.7651494309460561,0.3306271619651289,0.7374791400466314,,
30,0.3044835126191532,0.7594528337216748,0.3277845456752749,0.7523731702849978,,
31,0.3027555100484679,0.7706615792037291,0.3229722015426627,0.7881642754100973,,
32,0.3043852318174789,0.7556699632903455,0.3217160684012231,0.7305052745200339,,
33,0.3011176728214007,0.7781353287002671,0.3247256904751772,0.7462619759497189,,
34,0.302620631560606,0.7792082237263109,0.3228104788410876,0.7580792275922639,,
35,0.3004456186580225,0.76589673413012,0.3236569063737988,0.6139128589409766,,
36,0.3014906480174917,0.7547791523019267,0.3175625256262719,0.7297239052563038,,
37,0.2987478814555882,0.7832580541545245,0.3300751842159246,0.6998335729752269,,
38,0.2950831423344698,0.7967870959654991,0.3232968788638356,0.7861271710356786,,
39,0.2938758308560119,0.8073652534518835,0.3231594205745274,0.7691499642983434,,
40,0.2924856403022232,0.809119563491851,0.3205903339687557,0.7854842003434896,,
41,0.2919467171953286,0.8257937840538322,0.3226912338508382,0.7578259075450811,,
42,0.2916829492317734,0.8138166135611312,0.3201974352289523,0.7681698966217005,,
43,0.291713936196476,0.818243922540252,0.3176041848602749,0.7894447303066651,,
44,0.2922173749385257,0.816672647246425,0.3209980727572526,0.7548811058735564,,
45,0.2905311369448128,0.8166094395344667,0.3187695687991522,0.760186072483304,,
46,0.2913383474679654,0.809513405158421,0.3219488399945909,0.7883555311266155,,
47,0.2895951943443074,0.8254150175754889,0.3187951197670329,0.7888119695216163,,
48,0.2890224358443305,0.8142724201909068,0.3195375228034599,0.7796509818040899,,
49,0.2887230022602903,0.8362697304221632,0.3220750514329189,0.7948234390822195,,
50,0.2877181922640516,0.8362616861885693,0.3169300626919028,0.7717826504570743,,
51,0.2884264516069945,0.8136061092578067,0.3247698140552356,0.7694042187317142,,
52,0.2890371261309311,0.8315954664287789,0.3234713309488836,0.7766045644655938,,
53,0.2878413220645541,0.8139434601590423,0.326805879650194,0.7354192281075355,,
54,0.2870153283188843,0.819100547485401,0.3196663642523899,0.7533955997122186,,
55,0.2864215890225505,0.8268775268231031,0.3154861726132886,0.7871942774703106,,
56,0.2837189528415549,0.8454468428625344,0.3219362562300548,0.8009621449524448,,
57,0.2830609580395753,0.846650659651954,0.3175266915488811,0.7859079047061858,,
58,0.2826507465305878,0.826372029288754,0.3181795624661304,0.7706503969661537,,
59,0.2823271886228434,0.8378381223799033,0.3168617127285826,0.778644903052953,,
60,0.2829186063201934,0.8283136213304465,0.3162251821985202,0.7996811741031706,,
61,0.2821594080718842,0.8220244774623856,0.3193469053976947,0.7561354772853,,
62,0.2814207302280967,0.8206192566940822,0.3179402366901437,0.7797159784517828,,
63,0.2799451560206673,0.8313639402543943,0.3177908670068496,0.7620269203381169,,
64,0.2802448682873051,0.8312736980501234,0.3187158739061227,0.7779452714270779,,
65,0.2796284906527539,0.8369034377404445,0.3178788126845445,0.7732034048420333,,
66,0.2798041080563797,0.8340071289573309,0.3176758948137008,0.7839751214986401,,
67,0.2794250955062055,0.8338014877985178,0.317879887519493,0.7889246405324056,,
68,0.2791518336113716,0.8404961967252079,0.3167409996191661,0.7766911370812782,,
69,0.2785727983157252,0.8348337377136853,0.3166503929976551,0.7767127346957013,,
70,0.2784153807792484,0.8430810966794355,0.3176413749433344,0.7863807010331324,,
71,0.2780235790469023,0.8397981800872427,0.3179077056147867,0.7687140435778669,,
72,0.2780000880321999,0.8441913106280905,0.3175958191887253,0.7805062841757068,,
73,0.2783659406566094,0.839306774766334,0.3182081155301559,0.7670814518129364,,
74,0.2779883177844817,0.8328813307875179,0.3177512594986529,0.7742820814628864,,
75,0.2775694302288053,0.8401887414835589,0.318128486984365,0.7794308281015783,,
76,0.2777470307028973,0.8363982427845965,0.3167166801923442,0.7761018736554044,,
77,0.2775575427936844,0.8389801694167093,0.3173923322576142,0.7774085207465327,,
78,0.2772890850708583,0.8425541293899013,0.3175257086487753,0.7774825358452896,,
79,0.277125675829581,0.8367115312830155,0.3175985126844829,0.7832603426650167,,
80,0.2771006360592156,0.8421523941613231,0.3171614442641536,0.77556038616846,,
1,0.7592724806440927,0.3045919011306288,0.6197027374236357,0.4527742247127599,0.2329825734223793,0.3617855754197393
2,0.5328500931358708,0.4871475927236529,0.4921023884699458,0.5567281325999703,0.4903240726332387,0.5512389812923093
3,0.4730663459767332,0.5724855334801995,0.526884656754278,0.5774601441460989,0.5737575135864867,0.4842071734689086
4,0.4532479412583489,0.6014990007475868,0.4383022845057504,0.6688511492240996,0.6087480958599549,0.6280148436153726
5,0.4325838580997805,0.6173597062344378,0.4180228664051919,0.6602801106692779,0.637986473835908,0.6596167774189314
6,0.4281131609733858,0.6321856086697294,0.4495462936659654,0.6810116121279342,0.6477891858240373,0.6077570017158545
7,0.4190457403621216,0.6373632727625148,0.4034854192730217,0.7289685582121214,0.6629588067917211,0.6825602664139949
8,0.4065410789546262,0.6621004292847579,0.4093513114023067,0.5900926592740282,0.6736043617436198,0.6730764615035414
9,0.4067714883140023,0.6592501962818013,0.4107518450223973,0.6998192912765911,0.6793843927308202,0.6639690987448881
10,0.4019963150274568,0.6515607137445341,0.410905157393288,0.6562230627806414,0.6846304389382707,0.6716290726989067
11,0.3774344172386616,0.6873842265476217,0.3933405702756274,0.6746389357605005,0.7234869107394766,0.6989751721061411
12,0.3686286505755674,0.6989133238715212,0.3901083672507888,0.67690869390068,0.734919658322613,0.703198054843797
13,0.3700894528970971,0.6887168532980539,0.3854792893731168,0.6174406422627554,0.7345742452113578,0.7100889450659473
14,0.3550735050185047,0.6922880879801172,0.3814307009535176,0.7298354514067427,0.7534542226099542,0.7171723260210007
15,0.3489843009937303,0.733635677845058,0.381999997865586,0.7317892362493911,0.7678491496552794,0.7157353162705038
16,0.3472965524527075,0.7347034244494117,0.3765106100056852,0.717171197706263,0.7695422854027956,0.7258769043361175
17,0.3451729716414615,0.7434758008144062,0.3882111132233625,0.7410894671852495,0.7728962405666786,0.704640244212935
18,0.3409378422433848,0.7264392355485901,0.3786590254555146,0.7355037250458525,0.7821560305698464,0.7203250587020076
19,0.3462547596466819,0.7250628562866097,0.3821033363984454,0.6796456300867396,0.7725157804066719,0.7128644273264546
20,0.3389518961329689,0.7522526746277982,0.3753244628508885,0.661970696326531,0.7839850805855045,0.7262523242830342
21,0.3329952776991796,0.7588094278320747,0.3773351843424496,0.6740398150203484,0.7937223402098053,0.723569762599046
22,0.3309948504202724,0.7524482390886761,0.3763558674781095,0.6696041033021214,0.7962297906919186,0.7253654336010187
23,0.3216601636627486,0.7406605669331057,0.3572900830989792,0.7582550268437315,0.7949581566111495,0.731080136248318
24,0.3148828595683673,0.73799938032973,0.357947637238318,0.6892246736520065,0.7924497755677208,0.7305081504273225
25,0.3101771450915176,0.7631301138299117,0.3605545497100268,0.7337561039741904,0.7979822349896354,0.72787064923186
26,0.3070979516451377,0.7495481433646048,0.3571963526663326,0.7333514754871084,0.8035982195142044,0.7304808113972998
27,0.3036620130984431,0.7759815782617411,0.3520760782329099,0.7339725499263122,0.807087989668772,0.7352706956096157
28,0.2985083095034478,0.7719374516776188,0.3472582110691638,0.7017376725783661,0.8085383937730417,0.73937760251001
29,0.2955110257713442,0.763235266383139,0.3456440983074052,0.7609935943092707,0.8083088383255692,0.7345850753648973
30,0.2926492104451582,0.77345596321429,0.3467103003834684,0.7532674519988221,0.81036996709836,0.7323262151780077
31,0.2876358193687979,0.7805053253556781,0.3467486275448685,0.7356962448518191,0.8125338874524459,0.7283816342257465
32,0.2860489948773322,0.7711423225893875,0.3399103911859648,0.7556248004849684,0.8119033215107856,0.7313770263745519
33,0.2788598121003938,0.7643296375793497,0.3421257388378892,0.7043771506508901,0.8162042042288755,0.726742180617538
34,0.2753113065532606,0.7650217969028443,0.3422488701928939,0.6547130111524088,0.8165974206930664,0.7239676339838257
35,0.271897503256875,0.7550087764043689,0.3391981577234609,0.6830833129629138,0.8138574391409948,0.7302477197229659
36,0.2744522515124608,0.7611429747290562,0.3397941641686928,0.7016493126395202,0.8214005334302783,0.7269218805476706
37,0.269141377668847,0.761182421229664,0.3391415564609425,0.7029076423939495,0.819800466299057,0.7284747964588231
38,0.2711212044494911,0.7733009599265039,0.3399397038987705,0.7014729097662937,0.8205667649550984,0.7226661341015562
39,0.2692521412620427,0.774392653507581,0.3385607633473618,0.7066881387974225,0.8229995609726757,0.7254680851227691
40,0.2699325557778845,0.768859699522893,0.3374566406100279,0.690500396592099,0.8179594439812571,0.7280022556690837
41,0.2671287048781783,0.7646570220358013,0.3383882086990135,0.7048348292509002,0.8174099123076454,0.7231947460542613
42,0.2666658115491194,0.7647976982238379,0.3373694008748446,0.6944969958904523,0.822437605044494,0.7251259573001727
43,0.2650489735132363,0.769412648917171,0.3306435072084978,0.7245291933040356,0.8218981726289106,0.7212750788403997
44,0.2642466380921979,0.7746989845534681,0.3363323297041158,0.7076742144611975,0.8195737982523533,0.7267165502191608
45,0.2663405256953882,0.7738513365502699,0.3341139492445758,0.7276754754240669,0.8202232924910883,0.721812838399085
46,0.2664053710708346,0.770074390608412,0.3339772851516803,0.7097318451408119,0.8233088067599705,0.7253694601011395
47,0.2666593548103472,0.7725158075131283,0.3326939789888759,0.7117331330145158,0.8213657559199654,0.7281414166814022
48,0.2671496416562733,0.7729027084813217,0.3320040670667021,0.7049070932414561,0.8231272156220026,0.7267928452731907
49,0.2659293208946836,0.7767027342026098,0.3357908397114703,0.7100207821824414,0.8196694158153454,0.7259586410158115
50,0.264708350311212,0.7746661155643858,0.3315943288173349,0.7131049325689673,0.8233902709713826,0.7256266055366369
51,0.2650586588240658,0.7798261766761078,0.3318703981737296,0.7127321127890831,0.8223691351227946,0.7253293032453818
52,0.2641667743826314,0.7704534139001616,0.3350896220875993,0.7177115571463392,0.8218065211912254,0.7202874473711424
1,0.5796934353100821,0.2548981350004437,0.5065259273563113,0.2651930296394986,0.0730057359894042,0.2099006247670204
2,0.4143204813716943,0.4771746559806863,0.3557785489552078,0.571576820591069,0.4520116614348362,0.4745051813998577
3,0.312778975949695,0.5820877914813979,0.268793284449549,0.6728821998195988,0.5509757195399126,0.6525233940517396
4,0.2842194984613923,0.625259554988362,0.3153016276302792,0.5957056683976025,0.6087037094899711,0.5144549567884696
5,0.2782908333417201,0.6360828363061569,0.4043217740420784,0.4491334585948856,0.6204026399224793,0.2723669653890063
6,0.2649337444743961,0.6556421635394656,0.2531994790991857,0.7003427598448027,0.6512896668280351,0.6771350392315995
7,0.2638046072091463,0.6429797165143466,0.2678903473452443,0.6016666117523398,0.6533794140037142,0.6409485396792116
8,0.2595136233562015,0.6657918023399121,0.2570947985652657,0.619196654519155,0.6655141049303515,0.6681821002419714
9,0.2539127114484656,0.6840977109775642,0.2560136826442821,0.7160200964482057,0.6785382755777156,0.6663349881144732
10,0.2500135631160569,0.6749723472782059,0.2588450042530894,0.6690918216038317,0.6878475226124626,0.6593472288629846
11,0.2463733986251712,0.6902011426773713,0.251747710075939,0.6647729924214738,0.6968178794916577,0.6773269653028782
12,0.2443786391148758,0.7003984250552914,0.2514708256570711,0.6429308076261009,0.7008661784784124,0.6799397118760881
13,0.243060425165172,0.691241677946995,0.2776082303108914,0.6757207316834302,0.7033081409543651,0.6088623137800918
14,0.2411264181619635,0.7059330001396219,0.3040532884853227,0.6458478164236574,0.7090107025340225,0.5415212106085078
15,0.2383781574627896,0.7173662833830853,0.2470168275315137,0.7009195591367426,0.7146873127305081,0.6897587742045586
16,0.2397268404460324,0.7134403878813271,0.2495371521273184,0.6556191206687972,0.7112217999664183,0.6809803256925284
17,0.2314369948725626,0.7313270519434479,0.2432473999270726,0.7042903497460342,0.7322260767472558,0.6981879689515007
18,0.2332916488398078,0.7210274285448648,0.2455471778909365,0.7041952790958541,0.7271897091241013,0.6941091305247934
19,0.2288983834646835,0.7333785534831526,0.2533303859776684,0.6951227083447433,0.7383417040236777,0.6741550527711206
20,0.2316178221139728,0.7389382919962542,0.2467946423483746,0.6969139045547872,0.7320142630932681,0.6923441532366849
21,0.2257331217026309,0.7502898508248551,0.2526076716326532,0.690361932879255,0.746968875591462,0.6757375856019471
22,0.2286114351621254,0.7419605069441498,0.2622168975039607,0.681180664116428,0.7402619604059454,0.6516865722773996
23,0.2229411996264068,0.7435645042614616,0.2456375015234308,0.7189132980503408,0.7534672197802805,0.68994018179116
24,0.2190197505867543,0.7661545967268203,0.2395680552525889,0.7069762675535112,0.7627497331681105,0.7057075989441695
25,0.2140376243084051,0.7777982369605742,0.2412674208393409,0.7191026209010964,0.7746761695529167,0.702049331357413
26,0.2111007340078681,0.7781066920782,0.2349449614550741,0.7430077722030026,0.7819084670620032,0.7179866033874267
27,0.2109308442863312,0.7833480883602033,0.236435815314984,0.7339495789437067,0.7828408206726303,0.7138618811608217
28,0.2096624704936779,0.7881286613681774,0.2364568694805105,0.7409485119084517,0.785725805336298,0.7152517701868939
29,0.209844100110503,0.7863636828302719,0.2307990557026295,0.7621121027817329,0.7842538560209827,0.7275480773522646
30,0.2078840183045888,0.8012865649758225,0.2367500417555371,0.7357589115965224,0.7902614759589599,0.7123122255688561
31,0.2061453097031833,0.7962529519524599,0.238812582301242,0.6666653375459728,0.793869071268181,0.7114606670501679
32,0.2069211745914554,0.7861233651638031,0.2313163920882202,0.7583885203514781,0.7916164351913303,0.7265555054098926
33,0.2065101858672391,0.800776967035674,0.2351204601249524,0.7462293744708101,0.7938563385117068,0.7183125200223075
34,0.2049697997058148,0.8046918126894402,0.2311059335867563,0.74973647048076,0.7964540563854341,0.7308753024474954
35,0.2050826942133162,0.8023077857154639,0.2293566516157062,0.7743738254620915,0.7967262920310066,0.7319747214879366
36,0.2037264733657318,0.7975402737682965,0.231472082835223,0.7652314527935925,0.7998312044469162,0.72773821240028
37,0.2048784581259124,0.7966320881803419,0.232506676222242,0.7655299463797183,0.7977815099594786,0.7241820552881897
38,0.2013642633806701,0.808537808106971,0.2329647781637807,0.7330639929998488,0.8057870025724274,0.7245434735882799
39,0.2027714393376686,0.7872198657591108,0.233881150926685,0.6675114033121152,0.8024466362810626,0.7204894460671789
40,0.2004288434596259,0.8077555384506215,0.2416207718529871,0.723044815695002,0.8081694039112471,0.6993796716797956
41,0.2007824866284515,0.8026142895530542,0.2300625968547094,0.7631376455759719,0.8065157420043245,0.7289100625700605
42,0.1950917340564141,0.8258972214293604,0.2274173145138082,0.7746841136720919,0.8209772190848308,0.7363393641911157
43,0.1940543421790235,0.8305965075221087,0.2267928849240499,0.7617185240434039,0.8237551192883339,0.7388830829070848
44,0.1940532395896053,0.8237702176939947,0.2260867010225497,0.7620681486580343,0.8232945445352854,0.7393474162207972
45,0.1930829326433993,0.8243803100882416,0.2250419617852284,0.764502032349507,0.8258047645002502,0.7425797667721856
46,0.1939825550049852,0.817280751513076,0.231672000738659,0.7454850725785253,0.8232777016459878,0.7252291764557413
47,0.1927009487495675,0.8246267122153791,0.2268894348249194,0.7610242820034424,0.8261293799905647,0.7379610963781355
48,0.1917224357223109,0.8240484958948867,0.2343709760212472,0.7495947862930951,0.8287806078130475,0.7188294339748753
49,0.1904736861991913,0.8230770622510366,0.2298394442048101,0.7696742879980731,0.8317670432068789,0.729686002569187
50,0.1903704335729693,0.8361693346593047,0.2304181362324882,0.7454028790373177,0.8319500350606319,0.7290725863552708
51,0.1892606540838826,0.828756465040958,0.2300527531520596,0.7608182981965088,0.8349829097453237,0.7297823926288382
52,0.1867949260215376,0.8387041430862456,0.2285417794205603,0.7580182948814971,0.8404088658582636,0.7339689488695921
53,0.1858882981260823,0.8359472250150893,0.2276274989403429,0.7594644028161254,0.8427495749940644,0.735889473604565
54,0.1861984224150372,0.8330903382962231,0.2280654618073077,0.7558420557706129,0.8423988654217826,0.7350313346965962
55,0.1858338850883313,0.8306436637522643,0.2287223712053327,0.7485230152184764,0.8434418116921858,0.7332163282063595
56,0.1851585083616984,0.8272644567829339,0.2314125803698386,0.7582309455832555,0.8449627213458332,0.7263462259963043
57,0.18468672441502,0.8339387056432239,0.2262790276269827,0.7650927709681647,0.8460762367262775,0.7394117287782663
58,0.1837812036642602,0.8372909483823134,0.2303803249572714,0.7565637873042197,0.8487860165256689,0.7280847012990058
59,0.1836184629871283,0.8377744772428058,0.228597050621396,0.7597954787668728,0.8485697793421485,0.732376601301449
60,0.1829799225293293,0.8471342785756822,0.2288974191372593,0.7543251313978717,0.8506615309635934,0.7330167600453154
61,0.1824639403681063,0.8444104701898258,0.229838018261251,0.7521219814107531,0.8513393804380105,0.7300908410665117
62,0.181951130774123,0.8429591534128461,0.2280752865287164,0.7615333238527888,0.8528403792619298,0.7346845662106575
63,0.1820003505834798,0.8420042118414696,0.2302745512597972,0.7492833836447625,0.8524355735286511,0.7302735704440785
64,0.1815130433135236,0.8388774453667162,0.229962897509159,0.7573490339730468,0.8534358051754916,0.729127565662715
65,0.1813034207362276,0.842029455335029,0.2285465027560435,0.7548949477218446,0.8541753152480711,0.7337735138681599
66,0.1811183206978316,0.8483856996724025,0.228349992694954,0.7610809489020279,0.8548698887457823,0.7340837833145056
67,0.1810991251117361,0.8425366957261773,0.229702859185636,0.7530410898228487,0.8548435567792365,0.7313114728077059
68,0.1806832875072029,0.8488177300812049,0.2296643537203116,0.7589683325162956,0.8562922905685552,0.7312780866696859
69,0.1805065173819815,0.843763057895275,0.2305266735410051,0.7488882244520244,0.8564591702048384,0.7297487716612809
1,0.5796934353100821,0.2548981350004437,0.5065259273563113,0.2651930296394986,,
2,0.4143204813716943,0.4771746559806863,0.3557785489552078,0.571576820591069,,
3,0.312778975949695,0.5820877914813979,0.268793284449549,0.6728821998195988,,
4,0.2842194984613923,0.625259554988362,0.3153016276302792,0.5957056683976025,,
5,0.2782908333417201,0.6360828363061569,0.4043217740420784,0.4491334585948856,,
6,0.2649337444743961,0.6556421635394656,0.2531994790991857,0.7003427598448027,,
7,0.2638046072091463,0.6429797165143466,0.2678903473452443,0.6016666117523398,,
8,0.2595136233562015,0.6657918023399121,0.2570947985652657,0.619196654519155,,
9,0.2539127114484656,0.6840977109775642,0.2560136826442821,0.7160200964482057,,
10,0.2500135631160569,0.6749723472782059,0.2588450042530894,0.6690918216038317,,
11,0.2463733986251712,0.6902011426773713,0.251747710075939,0.6647729924214738,,
12,0.2443786391148758,0.7003984250552914,0.2514708256570711,0.6429308076261009,,
13,0.243060425165172,0.691241677946995,0.2776082303108914,0.6757207316834302,,
14,0.2411264181619635,0.7059330001396219,0.3040532884853227,0.6458478164236574,,
15,0.2383781574627896,0.7173662833830853,0.2470168275315137,0.7009195591367426,,
16,0.2273692109578631,0.7377853782297416,0.2484552664682269,0.688204832463747,,
17,0.2266773734280328,0.7414197936036426,0.2410988993277507,0.7222164984615076,,
18,0.2253980050683793,0.7405081330340143,0.2433785913467762,0.6836525621336131,,
19,0.2237050045725595,0.747535678543575,0.2526924790193637,0.6787257098331062,,
20,0.2234774832782659,0.7511668385156078,0.2398859254040178,0.7304671090983209,,
21,0.2227601587791671,0.7512715956476068,0.2419170034117996,0.7211335668606418,,
22,0.2186772432371279,0.7600931559201967,0.2377724945323453,0.7045773698815277,,
23,0.2167698583744196,0.7567647368179085,0.2442019087528543,0.7130969181834232,,
24,0.2170671170162413,0.7652372649914242,0.2369264458705272,0.7236871463911874,,
25,0.2152640392009767,0.7682751559994999,0.2394361109916298,0.7080102201019015,,
26,0.2127449274198224,0.7758171040313849,0.2374822625535584,0.7387466304713771,,
27,0.2141699241329505,0.7792304858874163,0.2392829308020217,0.731503790687947,,
28,0.2126180475934799,0.7772294934935521,0.238916457320253,0.7295773018683706,,
29,0.2124751656958013,0.7825649677162961,0.232160336559727,0.7574342104295889,,
30,0.2100592059290779,0.7858036792031224,0.2349701728006558,0.7282204713140216,,
31,0.2084655464274586,0.7897934651899832,0.2401596192891399,0.6627121426253801,,
32,0.2089255798144816,0.7841569007292313,0.234044502311874,0.7339422869096909,,
33,0.2082335425569758,0.7773202054897429,0.2345330494766434,0.7313637279328846,,
34,0.2080053475062927,0.7940118192005033,0.2349100687674113,0.7166386263630665,,
35,0.2096998253788972,0.7816930122943739,0.232149179625724,0.6960729342840967,,
36,0.2034651464517252,0.7939624837720333,0.233002282235594,0.7408502281953891,,
37,0.2011000394647449,0.8040956302010334,0.2336459270944552,0.7543806882486457,,
38,0.1997181874135306,0.8057288366895883,0.2356563386995168,0.7227018964698627,,
39,0.1999030237814768,0.8056836379547193,0.2331493684711555,0.7344590231244054,,
40,0.1980799920470912,0.8145055609895158,0.2286767216975845,0.7465093107450576,,
41,0.1976570725981435,0.8125721740830748,0.2284183019018244,0.7553221817527499,,
42,0.1950274790429698,0.813078104098535,0.2345283737938319,0.7522609992551484,,
43,0.1944175305935539,0.8162300338090392,0.229900645047781,0.7586983827862978,,
44,0.1951535703817025,0.8187079021967755,0.230689716791468,0.7448278257955251,,
45,0.1929124075957994,0.8227862129711734,0.230974616682423,0.7501434776457776,,
46,0.1940908994226489,0.8082032800492845,0.2308615037860969,0.7438323578043353,,
47,0.1923032072107331,0.8205273057203837,0.2309739982842334,0.7523577547676507,,
48,0.1919769990146932,0.8180196780923734,0.2347825291078715,0.74566366897142,,
49,0.1906610795735849,0.824683404493826,0.2328945955793772,0.7497355082249713,,
50,0.1902941923897346,0.8267014953910996,0.2321725520970566,0.7542434893548489,,
51,0.1895572802756425,0.8323363746694951,0.2316608010303406,0.7489706974121786,,
52,0.1887897169844783,0.8249519766149126,0.23246368408824,0.7445844992041766,,
53,0.1884598242881384,0.8238075612585779,0.2325943593778425,0.7471601302899044,,
54,0.1885001226352441,0.8174933607791371,0.2343365954723031,0.7470143243564348,,
55,0.1885462799181901,0.820093001958002,0.2313788086841149,0.7522985495272136,,
56,0.1875229110564901,0.8240703804505304,0.2332459093027171,0.7493480232411197,,
57,0.1870248851612442,0.8303369177901065,0.2319180868299944,0.7549665972945236,,
58,0.1871806287587924,0.8315102589253934,0.234924004701454,0.742681138461367,,
59,0.1871659729552547,0.8205513226862399,0.2339008944109082,0.747747284426753,,
60,0.1866782750799248,0.8260250146370478,0.2323085955078048,0.7541042055797992,,
61,0.1863374610870613,0.8298659140890744,0.2341670552712111,0.7357945981036339,,
62,0.1857369058992269,0.8315992608589212,0.2329672636419889,0.752139464706748,,
63,0.1857548944767892,0.8288493781046546,0.2344469089016673,0.7415007548370897,,
64,0.1859047740620652,0.8285586969840094,0.2333803595088067,0.7457121879838052,,
65,0.1855382713165925,0.8259631943131358,0.234051525792373,0.7474641523190907,,
66,0.1852580203090847,0.8305772141471428,0.2331375461071729,0.7366217204502651,,
67,0.1852923565655174,0.8309917116412227,0.2333815018868162,0.7487787056625599,,
1,0.5796934353100821,0.2548981350004437,0.5065259273563113,0.2651930296394986,0.0730057359894042,0.2099006247670204
2,0.4143204813716943,0.4771746559806863,0.3557785489552078,0.571576820591069,0.4520116614348362,0.4745051813998577
3,0.312778975949695,0.5820877914813979,0.268793284449549,0.6728821998195988,0.5509757195399126,0.6525233940517396
4,0.2842194984613923,0.625259554988362,0.3153016276302792,0.5957056683976025,0.6087037094899711,0.5144549567884696
5,0.2782908333417201,0.6360828363061569,0.4043217740420784,0.4491334585948856,0.6204026399224793,0.2723669653890063
6,0.2649337444743961,0.6556421635394656,0.2531994790991857,0.7003427598448027,0.6512896668280351,0.6771350392315995
7,0.2638046072091463,0.6429797165143466,0.2678903473452443,0.6016666117523398,0.6533794140037142,0.6409485396792116
8,0.2595136233562015,0.6657918023399121,0.2570947985652657,0.619196654519155,0.6655141049303515,0.6681821002419714
9,0.2539127114484656,0.6840977109775642,0.2560136826442821,0.7160200964482057,0.6785382755777156,0.6663349881144732
10,0.2500135631160569,0.6749723472782059,0.2588450042530894,0.6690918216038317,0.6878475226124626,0.6593472288629846
11,0.2463733986251712,0.6902011426773713,0.251747710075939,0.6647729924214738,0.6968178794916577,0.6773269653028782
12,0.2443786391148758,0.7003984250552914,0.2514708256570711,0.6429308076261009,0.7008661784784124,0.6799397118760881
13,0.243060425165172,0.691241677946995,0.2776082303108914,0.6757207316834302,0.7033081409543651,0.6088623137800918
14,0.2411264181619635,0.7059330001396219,0.3040532884853227,0.6458478164236574,0.7090107025340225,0.5415212106085078
15,0.2383781574627896,0.7173662833830853,0.2470168275315137,0.7009195591367426,0.7146873127305081,0.6897587742045586
16,0.2397268404460324,0.7134403878813271,0.2495371521273184,0.6556191206687972,0.7112217999664183,0.6809803256925284
17,0.2314369948725626,0.7313270519434479,0.2432473999270726,0.7042903497460342,0.7322260767472558,0.6981879689515007
18,0.2332916488398078,0.7210274285448648,0.2455471778909365,0.7041952790958541,0.7271897091241013,0.6941091305247934
19,0.2288983834646835,0.7333785534831526,0.2533303859776684,0.6951227083447433,0.7383417040236777,0.6741550527711206
20,0.2316178221139728,0.7389382919962542,0.2467946423483746,0.6969139045547872,0.7320142630932681,0.6923441532366849
21,0.2257331217026309,0.7502898508248551,0.2526076716326532,0.690361932879255,0.746968875591462,0.6757375856019471
22,0.2286114351621254,0.7419605069441498,0.2622168975039607,0.681180664116428,0.7402619604059454,0.6516865722773996
23,0.2229411996264068,0.7435645042614616,0.2456375015234308,0.7189132980503408,0.7534672197802805,0.68994018179116
24,0.2190197505867543,0.7661545967268203,0.2395680552525889,0.7069762675535112,0.7627497331681105,0.7057075989441695
25,0.2140376243084051,0.7777982369605742,0.2412674208393409,0.7191026209010964,0.7746761695529167,0.702049331357413
26,0.2111007340078681,0.7781066920782,0.2349449614550741,0.7430077722030026,0.7819084670620032,0.7179866033874267
27,0.2109308442863312,0.7833480883602033,0.236435815314984,0.7339495789437067,0.7828408206726303,0.7138618811608217
28,0.2096624704936779,0.7881286613681774,0.2364568694805105,0.7409485119084517,0.785725805336298,0.7152517701868939
29,0.209844100110503,0.7863636828302719,0.2307990557026295,0.7621121027817329,0.7842538560209827,0.7275480773522646
30,0.2078840183045888,0.8012865649758225,0.2367500417555371,0.7357589115965224,0.7902614759589599,0.7123122255688561
31,0.2061453097031833,0.7962529519524599,0.238812582301242,0.6666653375459728,0.793869071268181,0.7114606670501679
32,0.2069211745914554,0.7861233651638031,0.2313163920882202,0.7583885203514781,0.7916164351913303,0.7265555054098926
33,0.2065101858672391,0.800776967035674,0.2351204601249524,0.7462293744708101,0.7938563385117068,0.7183125200223075
34,0.2049697997058148,0.8046918126894402,0.2311059335867563,0.74973647048076,0.7964540563854341,0.7308753024474954
35,0.2050826942133162,0.8023077857154639,0.2293566516157062,0.7743738254620915,0.7967262920310066,0.7319747214879366
36,0.2037264733657318,0.7975402737682965,0.231472082835223,0.7652314527935925,0.7998312044469162,0.72773821240028
37,0.2048784581259124,0.7966320881803419,0.232506676222242,0.7655299463797183,0.7977815099594786,0.7241820552881897
38,0.2013642633806701,0.808537808106971,0.2329647781637807,0.7330639929998488,0.8057870025724274,0.7245434735882799
39,0.2027714393376686,0.7872198657591108,0.233881150926685,0.6675114033121152,0.8024466362810626,0.7204894460671789
40,0.2004288434596259,0.8077555384506215,0.2416207718529871,0.723044815695002,0.8081694039112471,0.6993796716797956
41,0.2007824866284515,0.8026142895530542,0.2300625968547094,0.7631376455759719,0.8065157420043245,0.7289100625700605
42,0.1950917340564141,0.8258972214293604,0.2274173145138082,0.7746841136720919,0.8209772190848308,0.7363393641911157
43,0.1940543421790235,0.8305965075221087,0.2267928849240499,0.7617185240434039,0.8237551192883339,0.7388830829070848
44,0.1940532395896053,0.8237702176939947,0.2260867010225497,0.7620681486580343,0.8232945445352854,0.7393474162207972
45,0.1930829326433993,0.8243803100882416,0.2250419617852284,0.764502032349507,0.8258047645002502,0.7425797667721856
46,0.1939825550049852,0.817280751513076,0.231672000738659,0.7454850725785253,0.8232777016459878,0.7252291764557413
47,0.1927009487495675,0.8246267122153791,0.2268894348249194,0.7610242820034424,0.8261293799905647,0.7379610963781355
48,0.1917224357223109,0.8240484958948867,0.2343709760212472,0.7495947862930951,0.8287806078130475,0.7188294339748753
49,0.1904736861991913,0.8230770622510366,0.2298394442048101,0.7696742879980731,0.8317670432068789,0.729686002569187
50,0.1903704335729693,0.8361693346593047,0.2304181362324882,0.7454028790373177,0.8319500350606319,0.7290725863552708
51,0.1892606540838826,0.828756465040958,0.2300527531520596,0.7608182981965088,0.8349829097453237,0.7297823926288382
52,0.1867949260215376,0.8387041430862456,0.2285417794205603,0.7580182948814971,0.8404088658582636,0.7339689488695921
53,0.1858882981260823,0.8359472250150893,0.2276274989403429,0.7594644028161254,0.8427495749940644,0.735889473604565
54,0.1861984224150372,0.8330903382962231,0.2280654618073077,0.7558420557706129,0.8423988654217826,0.7350313346965962
55,0.1858338850883313,0.8306436637522643,0.2287223712053327,0.7485230152184764,0.8434418116921858,0.7332163282063595
56,0.1851585083616984,0.8272644567829339,0.2314125803698386,0.7582309455832555,0.8449627213458332,0.7263462259963043
57,0.18468672441502,0.8339387056432239,0.2262790276269827,0.7650927709681647,0.8460762367262775,0.7394117287782663
58,0.1837812036642602,0.8372909483823134,0.2303803249572714,0.7565637873042197,0.8487860165256689,0.7280847012990058
59,0.1836184629871283,0.8377744772428058,0.228597050621396,0.7597954787668728,0.8485697793421485,0.732376601301449
60,0.1829799225293293,0.8471342785756822,0.2288974191372593,0.7543251313978717,0.8506615309635934,0.7330167600453154
61,0.1824639403681063,0.8444104701898258,0.229838018261251,0.7521219814107531,0.8513393804380105,0.7300908410665117
62,0.181951130774123,0.8429591534128461,0.2280752865287164,0.7615333238527888,0.8528403792619298,0.7346845662106575
63,0.1820003505834798,0.8420042118414696,0.2302745512597972,0.7492833836447625,0.8524355735286511,0.7302735704440785
64,0.1815130433135236,0.8388774453667162,0.229962897509159,0.7573490339730468,0.8534358051754916,0.729127565662715
65,0.1813034207362276,0.842029455335029,0.2285465027560435,0.7548949477218446,0.8541753152480711,0.7337735138681599
66,0.1811183206978316,0.8483856996724025,0.228349992694954,0.7610809489020279,0.8548698887457823,0.7340837833145056
67,0.1810991251117361,0.8425366957261773,0.229702859185636,0.7530410898228487,0.8548435567792365,0.7313114728077059
68,0.1806832875072029,0.8488177300812049,0.2296643537203116,0.7589683325162956,0.8562922905685552,0.7312780866696859
69,0.1805065173819815,0.843763057895275,0.2305266735410051,0.7488882244520244,0.8564591702048384,0.7297487716612809
1,0.586200534525313,0.4496230876823575,0.5484828473556609,0.4761904802506237,,
2,0.4882888407132786,0.4149819545971761,0.5506864307182175,0.0942067395577755,,
3,0.425678298108936,0.4983156933345532,0.4281928104658921,0.6019068154483802,,
4,0.380031300293658,0.5859392220300812,0.3768021312231819,0.6673698653245256,,
5,0.3797416845481322,0.5977400583577,0.3657405920814545,0.4219282844002543,,
6,0.3580653135872257,0.6182817049955391,0.3463150579925804,0.6604478188923427,,
7,0.3533810785937803,0.6371602421788409,0.353813825618653,0.630083209097856,,
8,0.3495175576735037,0.616948212573945,0.3761251000243993,0.6516023658748183,,
9,0.3475454542882393,0.6607798719635033,0.3405413684834327,0.6815088519807271,,
10,0.3421272742200083,0.6193302764407711,0.3566911754065326,0.6021438417702978,,
11,0.3420920078425518,0.6572151646558485,0.3408064331327166,0.6903428341306391,,
12,0.337723328196323,0.6521610660073389,0.3437092667667284,0.5446284530518793,,
13,0.3348758814016772,0.6652330452070692,0.3378979724255346,0.6078865269375393,,
14,0.3319385000190895,0.6836428857297477,0.3573758577750552,0.6441228482156812,,
15,0.3343113622304843,0.6647962599592787,0.3352216973102518,0.691923673309031,,
16,0.333802761104672,0.6530860141981296,0.3404152433254889,0.54880453404859,,
17,0.3310197487164655,0.6602207859254254,0.3429242137908226,0.615471703293124,,
18,0.33095919150724,0.6541736897061835,0.3322841266524933,0.6543091899227529,,
19,0.327322447460164,0.646989835918413,0.3325379380867594,0.6661799935890096,,
20,0.3285185923230462,0.6609022084411253,0.3333921487930985,0.7017783084440798,,
21,0.3268431041370401,0.6537902467585307,0.3335219516108433,0.7042792029678822,,
22,0.3266016320552233,0.6747854735417758,0.3357702618730919,0.704595662830841,,
23,0.3232738348158375,0.6847884718695453,0.3339006278353433,0.6991133138182617,,
24,0.323709556340708,0.6750656740421458,0.3356118324390125,0.52860839938728,,
25,0.3206692648269815,0.709060397288651,0.3401009996776424,0.7081948316966494,,
26,0.3238642694032871,0.6471624212281737,0.3335603029422817,0.5966887825019987,,
27,0.3218397970644303,0.681472090217331,0.3318149793360914,0.6794175750038824,,
28,0.3212811611496259,0.6549928587463428,0.3358554654045119,0.7264198373470988,,
29,0.319225581768186,0.6727785646452187,0.3294600512211521,0.7254218260447184,,
30,0.3172105230738462,0.6841310661805511,0.3282865975717349,0.7272338790907746,,
31,0.3141157483884708,0.6823061427270124,0.3270922245768209,0.7065978750054326,,
32,0.3156032738676343,0.6957167378149864,0.3332311778018872,0.7186113427437487,,
33,0.316198638124015,0.7085479897075366,0.3262002967475426,0.7459891350673777,,
34,0.3128420453557233,0.6899126908243775,0.3331942796441061,0.6656188555948791,,
35,0.3140114514166827,0.7061764481907282,0.3296688714153355,0.6710983016306445,,
36,0.313456536642242,0.6995103605136895,0.3274395781391788,0.6912886856127111,,
37,0.3107870589613605,0.72199050344797,0.3325158293536376,0.5471322983092447,,
38,0.3148300734401675,0.6790904755303484,0.347820483724631,0.5470480479127809,,
39,0.3103729732759258,0.7143071350235388,0.3263015933113083,0.6747428581473374,,
40,0.3046939264345972,0.6996394603572472,0.3251142227534382,0.6893698266219526,,
41,0.3029589056679159,0.7403897843830326,0.3238655594621031,0.6429861657018919,,
42,0.3024398675429697,0.7134536875873881,0.3246460267608719,0.7104913842465196,,
43,0.301852102106717,0.7332133690274502,0.3416365667778466,0.6274035582412741,,
44,0.3013954136539926,0.749329045723757,0.3208940094115123,0.6878890997106192,,
45,0.2986965077625192,0.7679999037573375,0.3244619969101179,0.7351157347716036,,
46,0.2951373742323928,0.7707492713834863,0.3195485149155415,0.767343034701688,,
47,0.2950571681918103,0.7605604620872384,0.3212434309091241,0.7342589219056425,,
48,0.2940094105880032,0.766178414108449,0.3213726600543374,0.7221408961524606,,
49,0.2931109402097105,0.7596257478963835,0.3186676002196258,0.7451713911834217,,
50,0.2929573961644592,0.7611533820320288,0.3204323134074608,0.7536981687659309,,
51,0.2928311989830874,0.7414796819881454,0.3205697537798966,0.7260897685776351,,
52,0.2933602494433754,0.7753115633351193,0.3190354664721304,0.7092611509419623,,
53,0.2912824428664433,0.7745512211108287,0.3192317789376137,0.711211606301627,,
54,0.2904671753800131,0.7689207470097226,0.3194065167169486,0.7256180113624959,,
55,0.2900060458359709,0.7918436929506342,0.317838261702231,0.7408733128436974,,
56,0.2898634444690584,0.7742946471170752,0.320290876197673,0.664613048420371,,
57,0.2888883953827187,0.7823796665419013,0.3191957405014407,0.7532162157197794,,
58,0.2892568670213222,0.7506577476009804,0.3189609535260215,0.7560975331635702,,
59,0.2882149662687371,0.7919234221703512,0.3195093125548391,0.7434259287658191,,
60,0.2875801034348925,0.7835230696924824,0.3198683012631677,0.7224307746759483,,
61,0.2876512238977795,0.7537231112931676,0.32062860682518,0.6668211378077477,,
62,0.2866996788839602,0.7903777373269432,0.3189308950677514,0.7438951085011164,,
63,0.286983623135584,0.7626781828045227,0.319318105865802,0.7320967866551309,,
64,0.28682469822698,0.7648791870382166,0.319676354948786,0.7252331872781118,,
65,0.2867142063290498,0.7800046826925802,0.3186894476502424,0.7449116836346331,,
66,0.2865682958668686,0.7797977569575755,0.3195789650171285,0.7370555102825165,,
67,0.2861188668564657,0.7815969192997162,0.3196751495291079,0.7436861072977384,,
68,0.2858367741802813,0.7758182000085885,0.3189354478381574,0.7442367779357093,,
69,0.2858997439106666,0.7709455150905662,0.3188997888272362,0.7416889818296546,,
70,0.2860809950051839,0.7773335031526774,0.3200960904138074,0.7461546205338978,,
1,0.7134959839014192,0.2407053920262927,0.8121300975659064,0.268966065162876,,
2,0.5193138640890275,0.4708213436043443,0.5600221140664958,0.5445140380022618,,
3,0.4929772328146265,0.4996472850073533,0.8189168013632298,0.2616723058233302,,
4,0.4693211205400179,0.5367309870190335,0.4822442219814374,0.6214726380962287,,
5,0.4489755482784439,0.5532293201872528,0.5718574197519393,0.5047668947966031,,
6,0.441759168492495,0.5632958311621494,0.5773021129536486,0.5323203784579497,,
7,0.4321545005336867,0.5700018233820181,0.5303941206962225,0.5556148383246057,,
8,0.4272060902569675,0.5811115848487787,0.5275613148474977,0.5628367681173405,,
9,0.4137639649938599,0.6024052308626165,0.4605744865368165,0.6474020708873356,,
10,0.413478040729934,0.6127019217935296,0.4935036824151341,0.5673371321929527,,
11,0.401753187495636,0.6220380458793449,0.4735287330335095,0.6443901163953486,,
12,0.4083782051438996,0.606875669747407,0.507049782157299,0.6037672725429376,,
13,0.3966546917836051,0.6248178088209224,0.4497931850408869,0.6579266318341476,,
14,0.3900310123795306,0.6398099607513147,0.5362128237306717,0.5826245626643891,,
15,0.3937590342422783,0.6311038470402881,0.5054271178697014,0.6245790096689801,,
16,0.3881496878237092,0.6404323638924132,0.4718634103247452,0.6486245524403386,,
17,0.3816784514944247,0.644798800266081,0.5025887620590982,0.5407942269633816,,
18,0.3785055259657647,0.6444395630070248,0.5306708450606537,0.4766888457463481,,
19,0.3777029188699692,0.6530590488887106,0.4842349731452053,0.6575800057812213,,
20,0.3581638338666776,0.6738239706571062,0.4954204228706658,0.6069275420013089,,
21,0.3542871234800975,0.6840864697658174,0.5350033694190816,0.5883794313828227,,
22,0.3522038312859283,0.6761235061243022,0.4513615872378328,0.6868122040585255,,
23,0.348870188270459,0.6851098324070392,0.4908891461479167,0.5327902241812509,,
24,0.3484739491714821,0.6871719257920125,0.4609124280201892,0.6592919076484505,,
25,0.3430487726214269,0.6972344919423723,0.4782102368550286,0.6533475868865883,,
26,0.3412493455146531,0.6888939934963417,0.4792469806215238,0.6399836628523461,,
27,0.3388791514772902,0.7086079090662745,0.4628163934130931,0.659787815137262,,
28,0.3360651218696676,0.7120323418167199,0.4663532929705633,0.6667167302061193,,
29,0.3265685406549703,0.7307968267953323,0.4463401863440162,0.6858329943054298,,
30,0.3234123260053019,0.7202315123986935,0.4354648123317886,0.7149309996106942,,
31,0.3207167324192648,0.7234197944532341,0.48656352099386,0.6567867379681046,,
32,0.3201428100724893,0.7215428162327477,0.429080673693014,0.718253800833091,,
33,0.3193041332551022,0.7232741019033756,0.4595268900240106,0.6964758514163643,,
34,0.3171788684401294,0.734138443592246,0.5029712099903485,0.6319525472574166,,
35,0.3161350317357272,0.7252013043996056,0.4539048956219284,0.6936965160733982,,
36,0.3128609926912721,0.7379417303988708,0.4864850000788768,0.6570222530817594,,
37,0.3152140786405653,0.7236111000880873,0.4343684610045914,0.7028221940009654,,
38,0.3113015251514053,0.7280125095357055,0.4510168714138369,0.6994496237551557,,
39,0.3059185575832579,0.7409434836213461,0.4460896453820169,0.6733459116660568,,
40,0.3041183624918442,0.7397816911624232,0.4323306348884389,0.724335865717039,,
41,0.3031046104634306,0.7430507913367955,0.5018740211657825,0.6435321603558536,,
42,0.3022744224739738,0.7415908403194609,0.442569419963374,0.7101479524862347,,
43,0.3009302882451101,0.7494306811817688,0.4583068373502187,0.69204540085879,,
44,0.3002329196146366,0.7445273396680898,0.4545995664804996,0.6959446756080411,,
45,0.2997657465651979,0.7449118255029494,0.4844406779988536,0.661754139175645,,
46,0.2985210482590865,0.7406936736025614,0.4769588517180333,0.6717739440355525,,
47,0.2953456660233187,0.7541536821551613,0.439259382430464,0.7045581753936611,,
48,0.2942450350757273,0.7497268096831698,0.431110579398505,0.7236635321599351,,
49,0.2932268333074834,0.753463757728159,0.4525783093690517,0.698963525543519,,
50,0.2929887155992572,0.7518128236296144,0.4626709267807503,0.6906948835689735,,
51,0.2922325516125631,0.7541505454340772,0.4292001626565165,0.7263087838277423,,
52,0.2916563586241426,0.745821786511503,0.4534060905155326,0.6953375358348189,,
53,0.2908549460997429,0.7513945478525778,0.4393438292733793,0.7103913925707103,,
54,0.2908967079964485,0.7519867947394687,0.4335656303668483,0.7154912198680252,,
55,0.2899694226441212,0.7515576313901757,0.4554449157190642,0.6985346659065403,,
56,0.289522451018508,0.750756928832881,0.4908052246707181,0.6552934002496323,,
57,0.2890420823059119,0.7548248250843324,0.4366062206681818,0.7127906426286778,,
58,0.2873411635428527,0.7580658506666388,0.4352045015298894,0.7189026034052871,,
59,0.2865916156316166,0.7520004452237405,0.4915924757342076,0.652787837894767,,
60,0.2861738622844836,0.7564055130756709,0.4448908658786898,0.7083780458277309,,
61,0.2859350934688308,0.7542838870305023,0.4416762398821967,0.7131514955517319,,
62,0.2855193510314104,0.7572343713787296,0.4315110396571635,0.7078735678236091,,
63,0.285194567607811,0.7532438117100566,0.4799135141739888,0.6671086322626664,,
64,0.2842658676470659,0.7523181031733883,0.5264046502831791,0.6127170876698291,,
65,0.2839147786896644,0.7529443047441475,0.4384493653972943,0.7147352298200749,,
66,0.2836631113311054,0.7570794890483823,0.4527837613131851,0.6946834410841823,,
67,0.2834188679680759,0.7542035521957136,0.4582109249950874,0.6963211540747158,,
68,0.2831751997753015,0.7576317978019332,0.473211022282374,0.6780183680582902,,
69,0.2830161248943575,0.7527382107654482,0.5217459474668085,0.6196485833749806,,
70,0.2824723191803304,0.7567279252021244,0.4855009580274955,0.6608451634024506,,
71,0.2822924223527918,0.7556305027395003,0.4493608789163686,0.7070449012930107,,
72,0.2821673874840094,0.7570210960012661,0.4425302998140631,0.7090018783980881,,
73,0.2820133387629567,0.7567456703296614,0.4845544972257422,0.6643893539079969,,
74,0.2818939138375466,0.7581752547453289,0.438487163112898,0.7169178059697082,,
75,0.2817582249754667,0.7564099059433714,0.5402500121299887,0.5975348484713147,,
1,0.5869023956628661,0.2274428817758182,0.5151807183311099,0.2470238135839571,,
2,0.4388444205948726,0.4236258681330126,0.3425671545167764,0.6087868681033364,,
3,0.3149703112792783,0.5837716306511487,0.3326007953978011,0.4703790250473653,,
4,0.2833793580995322,0.6217917230346969,0.2834598879728998,0.6216045495654855,,
5,0.2725543137543251,0.6409576672848334,0.4405016044953039,0.3746868971861443,,
6,0.2631434766199305,0.6552067257800089,0.2593697764511619,0.7013321600499607,,
7,0.2560828309216648,0.6644993536174297,0.2751599394361533,0.5945716855425582,,
8,0.2521377728547457,0.6827292263971092,0.2634111570105666,0.6622742148382323,,
9,0.2468800841217831,0.6907054636357707,0.2482277816383256,0.7176244622539907,,
10,0.2485033530703325,0.7013459550626961,0.2703050921138908,0.6029520679350432,,
11,0.2434455678252976,0.7066548204174932,0.2537451144973082,0.6270889895967191,,
12,0.2414016945316538,0.6988917391534915,0.2499511965683528,0.6772642582654953,,
13,0.236417081293896,0.7053996448844208,0.2458625171067459,0.7086918675118968,,
14,0.2343802769605668,0.7169274172016994,0.2479908969696788,0.7020689360797405,,
15,0.2317559607230474,0.7242302456050339,0.248984056569281,0.6627198745282796,,
16,0.2235666225553331,0.7471800925972548,0.2409642629458435,0.717494300965752,,
17,0.2214316762404738,0.7585651513208379,0.2405464497749649,0.7244391208958059,,
18,0.220805082827266,0.7517224118653975,0.248449343301001,0.6905169589888482,,
19,0.2189059041324674,0.7548065597065989,0.2466483882938822,0.7004563384467647,,
20,0.2179422327100149,0.7485723920127888,0.2487485256666938,0.6885157314439615,,
21,0.2165859856792373,0.7555527405842289,0.2412916751844542,0.7195375685890516,,
22,0.218649511220696,0.7535658628520571,0.2388552502906393,0.7128019822495324,,
23,0.2133114347765174,0.7677403346012911,0.2341853382198938,0.7364838125095481,,
24,0.2118939273638428,0.7792273493474011,0.2380547086220412,0.7332137462993463,,
25,0.211718156518791,0.7832760833242397,0.2400061195671913,0.7157027026017507,,
26,0.2112327126564139,0.7751071122643861,0.2291701352223754,0.7473591750576383,,
27,0.2122757158633032,0.752653811648102,0.2384314320404969,0.7160024802599635,,
28,0.2100637251212034,0.7724304283375567,0.2423191926042948,0.7270602371011462,,
29,0.2104448697341538,0.7616811176578615,0.2333452769643849,0.7556710963447889,,
30,0.2088487481341306,0.7390584119443584,0.2320276866001742,0.7072999294669855,,
31,0.2060859570270066,0.7611937441433649,0.2373279995462369,0.7210226823531446,,
32,0.2064629448819037,0.7603222467584313,0.2334122097873616,0.7261028405101526,,
33,0.2056123441461609,0.7702526370632834,0.2351743331001628,0.7338183692523411,,
34,0.2042475110257691,0.7666500133553935,0.2284619272464797,0.7083742833208471,,
35,0.2027695549391403,0.7745611232565475,0.2328164374145368,0.7448174737039066,,
36,0.2001021619442213,0.7623221504796355,0.2282197882997848,0.743983565874043,,
37,0.1985801609976149,0.7981960180509894,0.2324302827141114,0.7311686244571493,,
38,0.1976281056190247,0.7812368421588537,0.2289768408185669,0.6897507481986568,,
39,0.1973836820456802,0.7742795465909755,0.2268729683322211,0.6852782282980789,,
40,0.1963245974843983,0.7997856266371944,0.2325415279317115,0.7187043187164125,,
41,0.1968883519866769,0.8093568047634061,0.234266632923945,0.7511529753960314,,
42,0.1933404439336432,0.8159639479042334,0.2293765602766403,0.7654451153995026,,
43,0.1924785803810456,0.8038439418676604,0.229531915481424,0.7505925716117888,,
44,0.1923528741852143,0.778309002634466,0.2261647338358064,0.7395533172502404,,
45,0.191268563415334,0.8166615581574218,0.2290062861339677,0.7613940788876443,,
46,0.1905621465855312,0.8064665144280448,0.2271289046676386,0.7246473791098291,,
47,0.1910800098591132,0.7976039353893211,0.2301421648867073,0.7497555515716859,,
48,0.1902953370768634,0.8023285323782906,0.2292372279667428,0.763907504933221,,
49,0.1882698565837324,0.815615094850718,0.2277600952158016,0.7598584430026156,,
50,0.1879701628373849,0.8138275475390835,0.2302900532792721,0.7638691526261114,,
51,0.1875393703155258,0.8074110128718954,0.2313471208548262,0.7446048398103032,,
52,0.1871799769488023,0.8208843897352565,0.2262197528921422,0.77479262038001,,
53,0.1866719701998128,0.8160989200358564,0.2300122801125759,0.7531378415546247,,
54,0.1868026923446148,0.8194604685887154,0.2329271067865193,0.7568213756950128,,
55,0.1865782774791816,0.8206876290122462,0.2304452287387989,0.7524631016311192,,
56,0.1863494733435348,0.819922352007016,0.2294016879362364,0.7599402730616656,,
57,0.185566516940535,0.827012986021956,0.2287893499735565,0.7727387688521828,,
58,0.1853921196756431,0.8223123131947196,0.2313556980252975,0.7407765105101948,,
59,0.1852871129974491,0.8265327297035276,0.2307484588984932,0.7451113911256904,,
60,0.1843306448870372,0.8326341841041733,0.2296098892222203,0.7614515194935458,,
61,0.1842726588519435,0.8292715724152295,0.2296188898118479,0.7627001323403239,,
62,0.1835864561228709,0.8257970320437239,0.2297731783640171,0.7496204882682789,,
63,0.1836310671256382,0.8231453314191937,0.2312019853409202,0.7584331543844737,,
64,0.1833340030916305,0.8314638385655349,0.2305679860347438,0.7575512523097652,,
65,0.183076186163515,0.8362764818063054,0.231185610295229,0.7584007354896694,,
66,0.1826142533658159,0.8303105008880092,0.2316204146038563,0.7583996626060634,,
67,0.1825459106907325,0.8302029560421414,0.2310085207489984,0.7530589410876477,,
68,0.1822004517048134,0.8331276218508191,0.2298597124006067,0.763794156944468,,
69,0.1826620318352635,0.8401110813870949,0.2306829092447601,0.7564507247466759,,
70,0.1826387124975728,0.8379538145321639,0.230606386371489,0.7535377719411611,,
71,0.1819136837796535,0.8402501170962585,0.2307581940798887,0.7561066115818322,,
72,0.18196928117984,0.8332844532524366,0.2304448688491469,0.7664206749094384,,
73,0.1814861762593138,0.8346125162327228,0.2314675502656471,0.7610871262658465,,
74,0.1815425252512946,0.8348461926137846,0.2296870729575554,0.7615982749806146,,
75,0.1813596386578262,0.8376611165432115,0.2314963678696326,0.761120406201198,,
76,0.1813667698768136,0.8306222296286123,0.2298054418615287,0.7583698036636802,,
1,0.5869023956628661,0.2274428817758182,0.5151807183311099,0.2470238135839571,,
2,0.4388444205948726,0.4236258681330126,0.3425671545167764,0.6087868681033364,,
3,0.3149703112792783,0.5837716306511487,0.3326007953978011,0.4703790250473653,,
4,0.2833793580995322,0.6217917230346969,0.2834598879728998,0.6216045495654855,,
5,0.2725543137543251,0.6409576672848334,0.4405016044953039,0.3746868971861443,,
6,0.2631434766199305,0.6552067257800089,0.2593697764511619,0.7013321600499607,,
7,0.2560828309216648,0.6644993536174297,0.2751599394361533,0.5945716855425582,,
8,0.2521377728547457,0.6827292263971092,0.2634111570105666,0.6622742148382323,,
9,0.2468800841217831,0.6907054636357707,0.2482277816383256,0.7176244622539907,,
10,0.2485033530703325,0.7013459550626961,0.2703050921138908,0.6029520679350432,,
11,0.2434455678252976,0.7066548204174932,0.2537451144973082,0.6270889895967191,,
12,0.2414016945316538,0.6988917391534915,0.2499511965683528,0.6772642582654953,,
13,0.236417081293896,0.7053996448844208,0.2458625171067459,0.7086918675118968,,
14,0.2343802769605668,0.7169274172016994,0.2479908969696788,0.7020689360797405,,
15,0.2317559607230474,0.7242302456050339,0.248984056569281,0.6627198745282796,,
16,0.2235666225553331,0.7471800925972548,0.2409642629458435,0.717494300965752,,
17,0.2214316762404738,0.7585651513208379,0.2405464497749649,0.7244391208958059,,
18,0.220805082827266,0.7517224118653975,0.248449343301001,0.6905169589888482,,
19,0.2189059041324674,0.7548065597065989,0.2466483882938822,0.7004563384467647,,
20,0.2179422327100149,0.7485723920127888,0.2487485256666938,0.6885157314439615,,
21,0.2165859856792373,0.7555527405842289,0.2412916751844542,0.7195375685890516,,
22,0.218649511220696,0.7535658628520571,0.2388552502906393,0.7128019822495324,,
23,0.2133114347765174,0.7677403346012911,0.2341853382198938,0.7364838125095481,,
24,0.2118939273638428,0.7792273493474011,0.2380547086220412,0.7332137462993463,,
25,0.211718156518791,0.7832760833242397,0.2400061195671913,0.7157027026017507,,
26,0.2112327126564139,0.7751071122643861,0.2291701352223754,0.7473591750576383,,
27,0.2122757158633032,0.752653811648102,0.2384314320404969,0.7160024802599635,,
28,0.2100637251212034,0.7724304283375567,0.2423191926042948,0.7270602371011462,,
29,0.2104448697341538,0.7616811176578615,0.2333452769643849,0.7556710963447889,,
30,0.2088487481341306,0.7390584119443584,0.2320276866001742,0.7072999294669855,,
31,0.2060859570270066,0.7611937441433649,0.2373279995462369,0.7210226823531446,,
32,0.2064629448819037,0.7603222467584313,0.2334122097873616,0.7261028405101526,,
33,0.2056123441461609,0.7702526370632834,0.2351743331001628,0.7338183692523411,,
34,0.2042475110257691,0.7666500133553935,0.2284619272464797,0.7083742833208471,,
35,0.2027695549391403,0.7745611232565475,0.2328164374145368,0.7448174737039066,,
36,0.2001021619442213,0.7623221504796355,0.2282197882997848,0.743983565874043,,
37,0.1985801609976149,0.7981960180509894,0.2324302827141114,0.7311686244571493,,
38,0.1976281056190247,0.7812368421588537,0.2289768408185669,0.6897507481986568,,
39,0.1973836820456802,0.7742795465909755,0.2268729683322211,0.6852782282980789,,
40,0.1963245974843983,0.7997856266371944,0.2325415279317115,0.7187043187164125,,
41,0.1968883519866769,0.8093568047634061,0.234266632923945,0.7511529753960314,,
42,0.1933404439336432,0.8159639479042334,0.2293765602766403,0.7654451153995026,,
43,0.1924785803810456,0.8038439418676604,0.229531915481424,0.7505925716117888,,
44,0.1923528741852143,0.778309002634466,0.2261647338358064,0.7395533172502404,,
45,0.191268563415334,0.8166615581574218,0.2290062861339677,0.7613940788876443,,
46,0.1905621465855312,0.8064665144280448,0.2271289046676386,0.7246473791098291,,
47,0.1910800098591132,0.7976039353893211,0.2301421648867073,0.7497555515716859,,
48,0.1902953370768634,0.8023285323782906,0.2292372279667428,0.763907504933221,,
49,0.1882698565837324,0.815615094850718,0.2277600952158016,0.7598584430026156,,
50,0.1879701628373849,0.8138275475390835,0.2302900532792721,0.7638691526261114,,
51,0.1875393703155258,0.8074110128718954,0.2313471208548262,0.7446048398103032,,
52,0.1871799769488023,0.8208843897352565,0.2262197528921422,0.77479262038001,,
53,0.1866719701998128,0.8160989200358564,0.2300122801125759,0.7531378415546247,,
54,0.1868026923446148,0.8194604685887154,0.2329271067865193,0.7568213756950128,,
55,0.1865782774791816,0.8206876290122462,0.2304452287387989,0.7524631016311192,,
56,0.1863494733435348,0.819922352007016,0.2294016879362364,0.7599402730616656,,
57,0.185566516940535,0.827012986021956,0.2287893499735565,0.7727387688521828,,
58,0.1853921196756431,0.8223123131947196,0.2313556980252975,0.7407765105101948,,
59,0.1852871129974491,0.8265327297035276,0.2307484588984932,0.7451113911256904,,
60,0.1843306448870372,0.8326341841041733,0.2296098892222203,0.7614515194935458,,
61,0.1842726588519435,0.8292715724152295,0.2296188898118479,0.7627001323403239,,
62,0.1835864561228709,0.8257970320437239,0.2297731783640171,0.7496204882682789,,
63,0.1836310671256382,0.8231453314191937,0.2312019853409202,0.7584331543844737,,
64,0.1833340030916305,0.8314638385655349,0.2305679860347438,0.7575512523097652,,
65,0.183076186163515,0.8362764818063054,0.231185610295229,0.7584007354896694,,
66,0.1826142533658159,0.8303105008880092,0.2316204146038563,0.7583996626060634,,
67,0.1825459106907325,0.8302029560421414,0.2310085207489984,0.7530589410876477,,
68,0.1822004517048134,0.8331276218508191,0.2298597124006067,0.763794156944468,,
69,0.1826620318352635,0.8401110813870949,0.2306829092447601,0.7564507247466759,,
70,0.1826387124975728,0.8379538145321639,0.230606386371489,0.7535377719411611,,
71,0.1819136837796535,0.8402501170962585,0.2307581940798887,0.7561066115818322,,
72,0.18196928117984,0.8332844532524366,0.2304448688491469,0.7664206749094384,,
73,0.1814861762593138,0.8346125162327228,0.2314675502656471,0.7610871262658465,,
74,0.1815425252512946,0.8348461926137846,0.2296870729575554,0.7615982749806146,,
75,0.1813596386578262,0.8376611165432115,0.2314963678696326,0.761120406201198,,
76,0.1813667698768136,0.8306222296286123,0.2298054418615287,0.7583698036636802,,
1,0.5869023956628661,0.22744288177581826,0.5151807183311099,0.24702381358395714,,
2,0.4388444205948726,0.4236258681330126,0.3425671545167764,0.6087868681033364,,
3,0.3149703112792783,0.5837716306511487,0.3326007953978011,0.47037902504736534,,
4,0.28337935809953224,0.6217917230346969,0.28345988797289984,0.6216045495654855,,
5,0.2725543137543251,0.6409576672848334,0.44050160449530396,0.3746868971861443,,
6,0.2631434766199305,0.6552067257800089,0.25936977645116194,0.7013321600499607,,
7,0.2560828309216648,0.6644993536174297,0.2751599394361533,0.5945716855425582,,
8,0.2521377728547457,0.6827292263971092,0.2634111570105666,0.6622742148382323,,
9,0.24688008412178317,0.6907054636357707,0.24822778163832568,0.7176244622539907,,
10,0.24850335307033258,0.7013459550626961,0.2703050921138908,0.6029520679350432,,
11,0.2434455678252976,0.7066548204174932,0.25374511449730824,0.6270889895967191,,
12,0.24140169453165383,0.6988917391534915,0.24995119656835282,0.6772642582654953,,
13,0.23641708129389608,0.7053996448844208,0.24586251710674592,0.7086918675118968,,
14,0.23438027696056687,0.7169274172016994,0.24799089696967885,0.7020689360797405,,
15,0.23175596072304744,0.7242302456050339,0.24898405656928108,0.6627198745282796,,
16,0.2235666225553331,0.7471800925972548,0.24096426294584358,0.717494300965752,,
17,0.22143167624047383,0.7585651513208379,0.24054644977496492,0.7244391208958059,,
18,0.22080508282726602,0.7517224118653975,0.24844934330100105,0.6905169589888482,,
19,0.21890590413246747,0.7548065597065989,0.24664838829388222,0.7004563384467647,,
20,0.21794223271001498,0.7485723920127888,0.24874852566669384,0.6885157314439615,,
21,0.21658598567923734,0.7555527405842289,0.24129167518445424,0.7195375685890516,,
22,0.21864951122069606,0.7535658628520571,0.23885525029063934,0.7128019822495324,,
23,0.2133114347765174,0.7677403346012911,0.23418533821989382,0.7364838125095481,,
24,0.21189392736384288,0.7792273493474011,0.2380547086220412,0.7332137462993463,,
25,0.211718156518791,0.7832760833242397,0.2400061195671913,0.7157027026017507,,
26,0.21123271265641394,0.7751071122643861,0.2291701352223754,0.7473591750576383,,
27,0.2122757158633032,0.752653811648102,0.23843143204049694,0.7160024802599635,,
28,0.21006372512120347,0.7724304283375567,0.24231919260429485,0.7270602371011462,,
29,0.21044486973415386,0.7616811176578615,0.2333452769643849,0.7556710963447889,,
30,0.20884874813413065,0.7390584119443584,0.23202768660017423,0.7072999294669855,,
31,0.20608595702700663,0.7611937441433649,0.23732799954623693,0.7210226823531446,,
32,0.2064629448819037,0.7603222467584313,0.23341220978736169,0.7261028405101526,,
33,0.2056123441461609,0.7702526370632834,0.2351743331001628,0.7338183692523411,,
34,0.2042475110257691,0.7666500133553935,0.22846192724647976,0.7083742833208471,,
35,0.2027695549391403,0.7745611232565475,0.23281643741453686,0.7448174737039066,,
36,0.20010216194422134,0.7623221504796355,0.2282197882997848,0.743983565874043,,
37,0.19858016099761497,0.7981960180509894,0.23243028271411145,0.7311686244571493,,
38,0.19762810561902475,0.7812368421588537,0.22897684081856692,0.6897507481986568,,
39,0.19738368204568024,0.7742795465909755,0.22687296833222112,0.6852782282980789,,
40,0.19632459748439837,0.7997856266371944,0.2325415279317115,0.7187043187164125,,
41,0.19688835198667692,0.8093568047634061,0.23426663292394506,0.7511529753960314,,
42,0.19334044393364322,0.8159639479042334,0.2293765602766403,0.7654451153995026,,
43,0.19247858038104568,0.8038439418676604,0.22953191548142404,0.7505925716117888,,
